name,isin,symbol,market,currency,close,close_date,last_price,volume,turnover,ibkr_price,ibkr_status,ibkr_method,ibkr_liquidite,ibkr_spread_pct,ibkr_volume,ibkr_bid,ibkr_ask,ibkr_last,ibkr_close
74SOFTWARE,FR0011040500,74SW,Euronext Paris,EUR,38.9,2025-09-05,38.9,2190.0,85074.5,38.9,OK_HIST,CACHE|HISTORICAL_CLOSE,,,,,,,
AALBERTS NV,NL0000852564,AALB,Euronext Amsterdam,EUR,29.32,2025-09-05,29.32,225823.0,6619266.3,29.32,OK_HIST,CACHE|HISTORICAL_CLOSE,,,,,,,
AB INBEV,BE0974293251,ABI,Euronext Brussels,EUR,51.32,2025-09-05,51.32,1244799.0,63820657.61,51.28,OK_HIST,CACHE|HISTORICAL_CLOSE,,,,,,,
AB SCIENCE,FR0010557264,AB,Euronext Paris,EUR,1.196,2025-09-05,1.196,105067.0,126659.836,1.196,OK_HIST,CACHE|HISTORICAL_CLOSE,,,,,,,
AB SCIENCE BSA,FR001400ZRT0,ABBS,Euronext Paris,EUR,0.274,2025-09-05,0.0,0.0,0.0,,NOT_FOUND,NOT_FOUND,,,,,,,
ABC ARBITRAGE,FR0004040608,ABCA,Euronext Paris,EUR,6.03,2025-09-05,6.03,32796.0,197901.66,6.03,OK_HIST,CACHE|HISTORICAL_CLOSE,,,,,,,
ABEO,FR0013185857,ABEO,Euronext Paris,EUR,9.24,2025-09-05,9.24,533.0,4798.86,9.24,OK_HIST,CACHE|HISTORICAL_CLOSE,,,,,,,
ABIONYX PHARMA,FR0012616852,ABNX,Euronext Paris,EUR,3.67,2025-09-05,3.67,409885.0,1484408.65,3.67,OK_HIST,CACHE|HISTORICAL_CLOSE,,,,,,,
ABIVAX,FR0012333284,ABVX,Euronext Paris,EUR,76.5,2025-09-05,76.5,155174.0,11379305.6,76.5,OK_HIST,CACHE|HISTORICAL_CLOSE,,,,,,,
ABL Diagnostics,FR001400AHX6,ABLD,Euronext Paris,EUR,4.8,2025-09-05,4.8,82.0,387.68,4.8,OK_HIST,CACHE|HISTORICAL_CLOSE,,,,,,,
ABN AMRO BANK N.V.,NL0011540547,ABN,Euronext Amsterdam,EUR,25.04,2025-09-05,25.04,2023747.0,51072783.73,25.04,OK_HIST,CACHE|HISTORICAL_CLOSE,,,,,,,
ABO GROUP,BE0974278104,ABO,"Euronext Brussels, Paris",EUR,6.2,2025-09-05,6.2,200.0,1240.0,1.64,OK_HIST,CACHE|HISTORICAL_CLOSE,,,,,,,
ACANTHE DEV.,FR0000064602,ACAN,Euronext Paris,EUR,0.302,2025-09-05,0.302,9000.0,2764.938,0.302,OK_HIST,CACHE|HISTORICAL_CLOSE,,,,,,,
ACCENTIS,BE0003696102,ACCB,Euronext Brussels,EUR,0.0265,2025-09-05,0.0265,26510.0,699.26,0.0265,OK_HIST,CACHE|HISTORICAL_CLOSE,,,,,,,
ACCOR,FR0000120404,AC,Euronext Paris,EUR,40.91,2025-09-05,40.91,606879.0,24828048.64,40.91,OK_HIST,CACHE|HISTORICAL_CLOSE,,,,,,,
ACCSYS,GB00BQQFX454,AXS,Euronext Amsterdam,EUR,0.751,2025-09-05,0.751,221449.0,168005.687,0.739,OK_HIST,CACHE|HISTORICAL_CLOSE,,,,,,,
ACKERMANS V.HAAREN,BE0003764785,ACKB,Euronext Brussels,EUR,224.4,2025-09-05,224.4,19291.0,4325474.0,223.8,OK_HIST,CACHE|HISTORICAL_CLOSE,,,,,,,
ACOMO,NL0000313286,ACOMO,Euronext Amsterdam,EUR,23.05,2025-09-05,23.05,26059.0,600368.225,23.06,OK_HIST,CACHE|HISTORICAL_CLOSE,,,,,,,
ACTEOS,FR0000076861,EOS,Euronext Paris,EUR,1.15,2025-09-05,1.15,3079.0,3479.975,1.15,OK_HIST,CACHE|HISTORICAL_CLOSE,,,,,,,
ADC SIIC,BE0974269012,ALDV,Euronext Paris,EUR,0.088,2025-09-05,0.088,350.0,30.8,0.088,OK_HIST,CACHE|HISTORICAL_CLOSE,,,,,,,
ADOCIA,FR0011184241,ADOC,Euronext Paris,EUR,8.03,2025-09-05,8.03,283400.0,2305499.25,8.03,OK_HIST,CACHE|HISTORICAL_CLOSE,,,,,,,
ADP,FR0010340141,ADP,Euronext Paris,EUR,111.8,2025-09-05,111.8,63035.0,7037780.45,111.8,OK_HIST,CACHE|HISTORICAL_CLOSE,,,,,,,
ADYEN,NL0012969182,ADYEN,Euronext Amsterdam,EUR,1386.4,2025-09-05,1386.4,68553.0,95127358.5,1386.4,OK_HIST,CACHE|HISTORICAL_CLOSE,,,,,,,
AEDIFICA,BE0003851681,AED,"Euronext Brussels, Amsterdam",EUR,62.95,2025-09-05,62.95,107550.0,6760808.7,62.7,OK_HIST,CACHE|HISTORICAL_CLOSE,,,,,,,
AEGON,BMG0112X1056,AGN,Euronext Amsterdam,EUR,6.476,2025-09-05,6.476,5757728.0,37516547.542,6.476,OK_HIST,CACHE|HISTORICAL_CLOSE,,,,,,,
AELIS FARMA,FR0014007ZB4,AELIS,Euronext Paris,EUR,1.015,2025-09-05,1.015,16885.0,17710.235,1.016,OK_HIST,CACHE|HISTORICAL_CLOSE,,,,,,,
AERKOMM INC,US00774B2088,AKOM,Euronext Paris,EUR,2.8,2025-09-05,2.8,8.0,22.4,0.02,OK_HIST,CACHE|HISTORICAL_CLOSE,,,,,,,
AFFLUENT MED BSAR,FR001400FL38,AFMBS,Euronext Paris,EUR,0.0005,2025-09-05,0.0005,18.0,0.01,1.45,OK_HIST,CACHE|HISTORICAL_CLOSE,,,,,,,
AFFLUENT MEDICAL,FR0013333077,AFME,Euronext Paris,EUR,1.45,2025-09-05,1.45,3033.0,4426.39,1.45,OK_HIST,CACHE|HISTORICAL_CLOSE,,,,,,,
AGEAS,BE0974264930,AGS,Euronext Brussels,EUR,58.55,2025-09-05,58.55,186105.0,10906667.25,58.4,OK_HIST,CACHE|HISTORICAL_CLOSE,,,,,,,
AGFA-GEVAERT,BE0003755692,AGFB,Euronext Brussels,EUR,0.983,2025-09-05,0.983,83169.0,83482.399,0.987,OK_HIST,CACHE|HISTORICAL_CLOSE,,,,,,,
Agility Capital H,VGG885761301,AGIL,Euronext Amsterdam,USD,3.0,2025-09-05,3.0,750.0,2250.0,3.0,OK_HIST,CACHE|HISTORICAL_CLOSE,,,,,,,
AHOLD DEL,NL0011794037,AD,"Euronext Amsterdam, Brussels",EUR,34.74,2025-09-05,34.74,1556782.0,54066404.8,34.76,OK_HIST,CACHE|HISTORICAL_CLOSE,,,,,,,
AIR FRANCE -KLM,FR001400J770,AF,"Euronext Paris, Amsterdam",EUR,13.19,2025-09-05,13.19,950314.0,12469499.38,13.176,OK_HIST,CACHE|HISTORICAL_CLOSE,,,,,,,
AIR LIQUIDE,FR0000120073,AI,Euronext Paris,EUR,175.38,2025-09-05,175.38,470380.0,82563043.08,175.38,OK_HIST,CACHE|HISTORICAL_CLOSE,,,,,,,
AIRBUS,NL0000235190,AIR,Euronext Paris,EUR,183.84,2025-09-05,183.84,705348.0,130172181.72,183.84,OK_HIST,CACHE|HISTORICAL_CLOSE,,,,,,,
AJAX,NL0000018034,AJAX,Euronext Amsterdam,EUR,9.58,2025-09-05,9.58,756.0,7228.14,9.58,OK_HIST,CACHE|HISTORICAL_CLOSE,,,,,,,
AKWEL,FR0000053027,AKW,Euronext Paris,EUR,7.98,2025-09-05,7.98,2615.0,20778.72,7.98,OK_HIST,CACHE|HISTORICAL_CLOSE,,,,,,,
AKZO NOBEL,NL0013267909,AKZA,Euronext Amsterdam,EUR,60.36,2025-09-05,60.36,392358.0,23648228.56,60.36,OK_HIST,CACHE|HISTORICAL_CLOSE,,,,,,,
ALAN ALLMAN,FR0000062465,AAA,Euronext Paris,EUR,3.66,2025-09-05,3.66,74.0,271.63,3.66,OK_HIST,CACHE|HISTORICAL_CLOSE,,,,,,,
ALFEN,NL0012817175,ALFEN,Euronext Amsterdam,EUR,9.464,2025-09-05,9.464,118149.0,1123025.8,9.464,OK_HIST,CACHE|HISTORICAL_CLOSE,,,,,,,
ALLFUNDS GROUP,GB00BNTJ3546,ALLFG,Euronext Amsterdam,EUR,5.935,2025-09-05,5.935,776018.0,4609388.545,5.936,OK_HIST,CACHE|HISTORICAL_CLOSE,,,,,,,
ALMUNDA PRO NV,NL0010696704,AMUND,Euronext Amsterdam,EUR,1.18,2025-09-05,1.18,1993.0,2321.64,1.18,OK_HIST,CACHE|HISTORICAL_CLOSE,,,,,,,
ALPES (COMPAGNIE),FR0000053324,CDA,Euronext Paris,EUR,20.55,2025-09-05,20.55,23687.0,488964.8,20.56,OK_HIST,CACHE|HISTORICAL_CLOSE,,,,,,,
ALSTOM,FR0010220475,ALO,Euronext Paris,EUR,20.03,2025-09-05,20.03,799317.0,16033587.515,20.03,OK_HIST,CACHE|HISTORICAL_CLOSE,,,,,,,
ALTAMIR,FR0000053837,LTA,Euronext Paris,EUR,28.6,2025-09-05,28.6,8162.0,233989.5,28.6,OK_HIST,CACHE|HISTORICAL_CLOSE,,,,,,,
ALTAREA,FR0000033219,ALTA,Euronext Paris,EUR,97.9,2025-09-05,97.9,7280.0,711827.7,97.9,OK_HIST,CACHE|HISTORICAL_CLOSE,,,,,,,
ALTAREIT,FR0000039216,AREIT,Euronext Paris,EUR,525.0,2025-09-05,525.0,1.0,525.0,526.0,OK_HIST,CACHE|HISTORICAL_CLOSE,,,,,,,
ALTEN,FR0000071946,ATE,Euronext Paris,EUR,64.25,2025-09-05,64.25,66006.0,4240781.925,64.26,OK_HIST,CACHE|HISTORICAL_CLOSE,,,,,,,
ALUMEXX N.V.,NL0012194724,ALX,Euronext Amsterdam,EUR,1.43,2025-09-05,1.43,900.0,1293.0,1.43,OK_HIST,CACHE|HISTORICAL_CLOSE,,,,,,,
AMG,NL0000888691,AMG,Euronext Amsterdam,EUR,27.96,2025-09-05,27.96,328293.0,9121364.19,27.96,OK_HIST,CACHE|HISTORICAL_CLOSE,,,,,,,
AMPLITUDE SURGICAL,FR0012789667,AMPLI,Euronext Paris,EUR,6.25,2025-09-05,6.25,40274.0,249712.5,6.26,OK_HIST,CACHE|HISTORICAL_CLOSE,,,,,,,
AMUNDI,FR0004125920,AMUN,Euronext Paris,EUR,62.5,2025-09-05,62.5,99037.0,6202333.6,62.5,OK_HIST,CACHE|HISTORICAL_CLOSE,,,,,,,
ANTIN INFRA PARTN,FR0014005AL0,ANTIN,Euronext Paris,EUR,11.04,2025-09-05,11.04,19787.0,218867.1,11.04,OK_HIST,CACHE|HISTORICAL_CLOSE,,,,,,,
APERAM,LU0569974404,APAM,"Euronext Amsterdam, Brussels, Paris",EUR,27.06,2025-09-05,27.06,399436.0,10914171.6,27.04,OK_HIST,CACHE|HISTORICAL_CLOSE,,,,,,,
ARAMIS GROUP,FR0014003U94,ARAMI,Euronext Paris,EUR,5.33,2025-09-05,5.33,37488.0,202228.5,5.33,OK_HIST,CACHE|HISTORICAL_CLOSE,,,,,,,
ARCADIS,NL0006237562,ARCAD,Euronext Amsterdam,EUR,39.9,2025-09-05,39.9,111951.0,4461486.83,39.9,OK_HIST,CACHE|HISTORICAL_CLOSE,,,,,,,
ARCELORMITTAL SA,LU1598757687,MT,"Euronext Amsterdam, Paris",EUR,28.86,2025-09-05,28.86,3057670.0,88710670.09,28.85,OK_HIST,CACHE|HISTORICAL_CLOSE,,,,,,,
ARGAN,FR0010481960,ARG,Euronext Paris,EUR,63.7,2025-09-05,63.7,15803.0,1005130.7,63.7,OK_HIST,CACHE|HISTORICAL_CLOSE,,,,,,,
ARGENX SE,NL0010832176,ARGX,Euronext Brussels,EUR,639.8,2025-09-05,639.8,74254.0,47338836.0,639.8,OK_HIST,CACHE|HISTORICAL_CLOSE,,,,,,,
ARKEMA,FR0010313833,AKE,Euronext Paris,EUR,57.35,2025-09-05,57.35,167171.0,9604922.975,57.36,OK_HIST,CACHE|HISTORICAL_CLOSE,,,,,,,
ARTEA,FR0012185536,ARTE,Euronext Paris,EUR,11.2,2025-09-05,11.2,1.0,11.2,11.2,OK_HIST,CACHE|HISTORICAL_CLOSE,,,,,,,
ARTMARKET COM,FR0000074783,PRC,Euronext Paris,EUR,4.02,2025-09-05,4.02,3019.0,12167.29,4.02,OK_HIST,CACHE|HISTORICAL_CLOSE,,,,,,,
ARTOIS NOM.,FR0000076952,ARTO,Euronext Paris,EUR,9000.0,2025-09-05,9000.0,3.0,27000.0,9000.0,OK_HIST,CACHE|HISTORICAL_CLOSE,,,,,,,
ARVERNE GROUP,FR001400JWR8,ARVEN,Euronext Paris,EUR,4.96,2025-09-05,4.96,2010.0,9952.26,4.96,OK_HIST,CACHE|HISTORICAL_CLOSE,,,,,,,
ARVERNE WARRANT,FR0014003AC4,ARVBS,Euronext Paris,EUR,0.05,2025-09-05,0.05,31000.0,1550.0,0.05,OK_HIST,CACHE|HISTORICAL_CLOSE,,,,,,,
ASCENCIO,BE0003856730,ASCE,Euronext Brussels,EUR,50.0,2025-09-05,50.0,3249.0,162375.25,50.0,OK_HIST,CACHE|HISTORICAL_CLOSE,,,,,,,
ASM INTERNATIONAL,NL0000334118,ASM,Euronext Amsterdam,EUR,415.7,2025-09-05,415.7,142363.0,59269094.4,415.7,OK_HIST,CACHE|HISTORICAL_CLOSE,,,,,,,
ASML HOLDING,NL0010273215,ASML,Euronext Amsterdam,EUR,660.2,2025-09-05,660.2,897446.0,592351965.6,660.2,OK_HIST,CACHE|HISTORICAL_CLOSE,,,,,,,
ASR NEDERLAND,NL0011872643,ASRNL,Euronext Amsterdam,EUR,57.74,2025-09-05,57.74,1420176.0,82058230.68,57.74,OK_HIST,CACHE|HISTORICAL_CLOSE,,,,,,,
ASSYSTEM,FR0000074148,ASY,Euronext Paris,EUR,44.4,2025-09-05,44.4,7588.0,338725.4,44.4,OK_HIST,CACHE|HISTORICAL_CLOSE,,,,,,,
ATEME,FR0011992700,ATEME,Euronext Paris,EUR,6.0,2025-09-05,6.0,1101.0,6606.02,6.0,OK_HIST,CACHE|HISTORICAL_CLOSE,,,,,,,
ATENOR,BE0003837540,ATEB,Euronext Brussels,EUR,3.21,2025-09-05,3.21,9179.0,29694.92,3.21,OK_HIST,CACHE|HISTORICAL_CLOSE,,,,,,,
ATLAND,FR0013455482,ATLD,Euronext Paris,EUR,44.3,2025-09-05,44.3,5.0,221.2,44.3,OK_HIST,CACHE|HISTORICAL_CLOSE,,,,,,,
ATOS,FR001400X2S4,ATO,Euronext Paris,EUR,41.17,2025-09-05,41.17,255552.0,10484096.2975,41.17,OK_HIST,CACHE|HISTORICAL_CLOSE,,,,,,,
AUBAY,FR0000063737,AUB,Euronext Paris,EUR,42.75,2025-09-05,42.75,4213.0,180316.0,42.76,OK_HIST,CACHE|HISTORICAL_CLOSE,,,,,,,
AUGROS COSMETIC,FR0000061780,AUGR,Euronext Paris,EUR,5.55,2025-09-05,5.55,119.0,660.45,5.56,OK_HIST,CACHE|HISTORICAL_CLOSE,,,,,,,
AUREA,FR0000039232,AURE,Euronext Paris,EUR,5.9,2025-09-05,5.9,243.0,1412.18,5.9,OK_HIST,CACHE|HISTORICAL_CLOSE,,,,,,,
AVANTIUM,NL0015002IE0,AVTX,"Euronext Amsterdam, Brussels",EUR,10.0,2025-09-05,10.0,649637.0,6872501.463,10.0,OK_HIST,CACHE|HISTORICAL_CLOSE,,,,,,,
AVANTIUM(SUB),NL0015002ND2,AVTRI,"Euronext Amsterdam, Brussels",EUR,2.56,2025-09-05,2.56,263469.0,640304.7573,2.5304,OK_HIST,CACHE|HISTORICAL_CLOSE,,,,,,,
AVENIR TELECOM,FR001400CFI7,AVT,Euronext Paris,EUR,0.035,2025-09-05,0.035,525555.0,18797.4922,0.035,OK_HIST,CACHE|HISTORICAL_CLOSE,,,,,,,
AXA,FR0000120628,CS,Euronext Paris,EUR,39.51,2025-09-05,39.51,3059792.0,121123391.76,39.51,OK_HIST,CACHE|HISTORICAL_CLOSE,,,,,,,
AYVENS,FR0013258662,AYV,Euronext Paris,EUR,9.265,2025-09-05,9.265,194909.0,1808676.375,9.266,OK_HIST,CACHE|HISTORICAL_CLOSE,,,,,,,
AZELIS GROUP,BE0974400328,AZE,Euronext Brussels,EUR,12.55,2025-09-05,12.55,182046.0,2288911.07,12.535,OK_HIST,CACHE|HISTORICAL_CLOSE,,,,,,,
AZERION,NL00150006Z9,AZRN,Euronext Amsterdam,EUR,1.38,2025-09-05,1.38,72890.0,98956.455,1.38,OK_HIST,CACHE|HISTORICAL_CLOSE,,,,,,,
AZERION WARRANTS,NL00150007A0,AZRNW,Euronext Amsterdam,EUR,0.0005,2025-09-05,0.0005,333.0,0.17,0.001,OK_HIST,CACHE|HISTORICAL_CLOSE,,,,,,,
B&S Group,LU1789205884,BSGR,Euronext Amsterdam,EUR,5.9,2025-09-05,5.9,9802.0,57833.7,5.9,OK_HIST,CACHE|HISTORICAL_CLOSE,,,,,,,
BAINS MER MONACO,MC0000031187,BAIN,Euronext Paris,EUR,104.5,2025-09-05,104.5,37.0,3860.5,104.6,OK_HIST,CACHE|HISTORICAL_CLOSE,,,,,,,
BALYO,FR0013258399,BALYO,Euronext Paris,EUR,0.39,2025-09-05,0.39,23673.0,8710.935,0.39,OK_HIST,CACHE|HISTORICAL_CLOSE,,,,,,,
BAM GROEP KON,NL0000337319,BAMNB,Euronext Amsterdam,EUR,7.59,2025-09-05,7.59,423082.0,3212536.135,7.59,OK_HIST,CACHE|HISTORICAL_CLOSE,,,,,,,
BANIJAY GROUP,NL0015000X07,BNJ,Euronext Amsterdam,EUR,9.0,2025-09-05,9.0,5154.0,45626.9,9.0,OK_HIST,CACHE|HISTORICAL_CLOSE,,,,,,,
BANIJAY GROUP WARR,NL0015000H56,BNJW,Euronext Amsterdam,EUR,0.25,2025-09-05,0.25,163.0,40.75,0.25,OK_HIST,CACHE|HISTORICAL_CLOSE,,,,,,,
BANIMMO A,BE0003870871,BANI,Euronext Brussels,EUR,3.2,2025-09-05,3.2,100.0,320.0,3.2,OK_HIST,CACHE|HISTORICAL_CLOSE,,,,,,,
BANQUP GROUP,BE0974371032,BANQ,Euronext Brussels,EUR,3.84,2025-09-05,3.84,7576.0,29474.67,3.89,OK_HIST,CACHE|HISTORICAL_CLOSE,,,,,,,
BARBARA BUI,FR0000062788,BUI,Euronext Paris,EUR,3.82,2025-09-05,3.82,50.0,191.0,3.82,OK_HIST,CACHE|HISTORICAL_CLOSE,,,,,,,
BARCO,BE0974362940,BAR,Euronext Brussels,EUR,13.79,2025-09-05,13.79,37594.0,518575.03,13.76,OK_HIST,CACHE|HISTORICAL_CLOSE,,,,,,,
BASIC-FIT,NL0011872650,BFIT,Euronext Amsterdam,EUR,25.2,2025-09-05,25.2,64859.0,1633490.02,25.2,OK_HIST,CACHE|HISTORICAL_CLOSE,,,,,,,
BASSAC,FR0004023208,BASS,Euronext Paris,EUR,53.0,2025-09-05,53.0,615.0,32595.8,53.0,OK_HIST,CACHE|HISTORICAL_CLOSE,,,,,,,
BASTIDE LE CONFORT,FR0000035370,BLC,Euronext Paris,EUR,24.0,2025-09-05,24.0,21298.0,523935.15,24.0,OK_HIST,CACHE|HISTORICAL_CLOSE,,,,,,,
BE SEMICONDUCTOR,NL0012866412,BESI,Euronext Amsterdam,EUR,108.7,2025-09-05,108.7,315985.0,34364339.95,108.7,OK_HIST,CACHE|HISTORICAL_CLOSE,,,,,,,
BEKAERT,BE0974258874,BEKB,Euronext Brussels,EUR,38.35,2025-09-05,38.35,42148.0,1621982.7,38.26,OK_HIST,CACHE|HISTORICAL_CLOSE,,,,,,,
BELYSSE GROUP,BE0974314461,BELYS,Euronext Brussels,EUR,1.0,2025-09-05,1.0,181812.0,185017.16,1.0,OK_HIST,CACHE|HISTORICAL_CLOSE,,,,,,,
BENETEAU,FR0000035164,BEN,Euronext Paris,EUR,8.215,2025-09-05,8.215,68476.0,563009.1375,8.214,OK_HIST,CACHE|HISTORICAL_CLOSE,,,,,,,
BEVER HOLDING,NL0000285278,BEVER,Euronext Amsterdam,EUR,2.8,2025-09-05,2.8,211.0,600.8,2.8,OK_HIST,CACHE|HISTORICAL_CLOSE,,,,,,,
BIC,FR0000120966,BB,Euronext Paris,EUR,53.2,2025-09-05,53.2,17473.0,930797.9,53.2,OK_HIST,CACHE|HISTORICAL_CLOSE,,,,,,,
BIGBEN INTERACTIVE,FR0000074072,BIG,Euronext Paris,EUR,1.412,2025-09-05,1.412,36431.0,50950.638,1.412,OK_HIST,CACHE|HISTORICAL_CLOSE,,,,,,,
BIOCARTIS,BE0974281132,BCART,Euronext Brussels,EUR,0.29,2025-09-05,0.29,112228.0,32628.61,,NO_HIST_DATA,CACHE,,,,,,,
BIOMERIEUX,FR0013280286,BIM,Euronext Paris,EUR,118.3,2025-09-05,118.3,101553.0,12005201.4,118.3,OK_HIST,CACHE|HISTORICAL_CLOSE,,,,,,,
BIOSENIC,BE0974280126,BIOS,"Euronext Brussels, Paris",EUR,0.0026,2025-09-05,0.0026,3322742.0,9072.6901,0.0027,OK_HIST,CACHE|HISTORICAL_CLOSE,,,,,,,
BIOTALYS,BE0974386188,BTLS,Euronext Brussels,EUR,4.1,2025-09-05,4.1,48303.0,199494.2,4.12,OK_HIST,CACHE|HISTORICAL_CLOSE,,,,,,,
BLEECKER,FR0000062150,BLEE,Euronext Paris,EUR,109.0,2025-09-05,109.0,10.0,1090.0,109.0,OK_HIST,CACHE|HISTORICAL_CLOSE,,,,,,,
BM3EAC,KYG137071075,BACE,Euronext Amsterdam,USD,10.0,2025-09-05,10.0,354.0,3540.0,,NO_HIST_DATA,CACHE,,,,,,,
BNP PARIBAS ACT.A,FR0000131104,BNP,Euronext Paris,EUR,76.52,2025-09-05,76.52,1909320.0,146775913.53,76.52,OK_HIST,CACHE|HISTORICAL_CLOSE,,,,,,,
BOIRON,FR0000061129,BOI,Euronext Paris,EUR,22.95,2025-09-05,22.95,19378.0,435393.3,22.96,OK_HIST,CACHE|HISTORICAL_CLOSE,,,,,,,
BOLLORE,FR0000039299,BOL,Euronext Paris,EUR,4.86,2025-09-05,4.86,621203.0,3021066.282,4.86,OK_HIST,CACHE|HISTORICAL_CLOSE,,,,,,,
BONDUELLE,FR0000063935,BON,Euronext Paris,EUR,7.64,2025-09-05,7.64,2619.0,20142.64,7.64,OK_HIST,CACHE|HISTORICAL_CLOSE,,,,,,,
BOURSE DIRECT,FR0000074254,BSD,Euronext Paris,EUR,4.14,2025-09-05,4.14,4844.0,20162.36,4.14,OK_HIST,CACHE|HISTORICAL_CLOSE,,,,,,,
BOUYGUES,FR0000120503,EN,Euronext Paris,EUR,36.03,2025-09-05,36.03,480773.0,17337252.18,36.03,OK_HIST,CACHE|HISTORICAL_CLOSE,,,,,,,
BPOST,BE0974268972,BPOST,Euronext Brussels,EUR,2.075,2025-09-05,2.075,132547.0,275034.125,2.068,OK_HIST,CACHE|HISTORICAL_CLOSE,,,,,,,
BQUE NAT. BELGIQUE,BE0003008019,BNB,Euronext Brussels,EUR,453.0,2025-09-05,453.0,24.0,10801.0,449.0,OK_HIST,CACHE|HISTORICAL_CLOSE,,,,,,,
BREDERODE,LU1068091351,BREB,Euronext Brussels,EUR,111.4,2025-09-05,111.4,5882.0,655323.0,111.0,OK_HIST,CACHE|HISTORICAL_CLOSE,,,,,,,
BRUNEL INTERNAT,NL0010776944,BRNL,Euronext Amsterdam,EUR,8.3,2025-09-05,8.3,60862.0,507039.16,8.3,OK_HIST,CACHE|HISTORICAL_CLOSE,,,,,,,
BUREAU VERITAS,FR0006174348,BVI,Euronext Paris,EUR,26.4,2025-09-05,26.4,875027.0,23094023.78,26.4,OK_HIST,CACHE|HISTORICAL_CLOSE,,,,,,,
BURELLE,FR0000061137,BUR,Euronext Paris,EUR,383.0,2025-09-05,383.0,30.0,11502.0,0.023,OK_HIST,CACHE|HISTORICAL_CLOSE,,,,,,,
CA TOULOUSE 31 CCI,FR0000045544,CAT31,Euronext Paris,EUR,112.0,2025-09-05,112.0,533.0,60793.12,112.0,OK_HIST,CACHE|HISTORICAL_CLOSE,,,,,,,
CABKA,NL00150000S7,CABKA,Euronext Amsterdam,EUR,1.7,2025-09-05,1.7,19956.0,33105.125,1.7,OK_HIST,CACHE|HISTORICAL_CLOSE,,,,,,,
CABKA DSC2 TS,NL00150002R5,DSC2S,Euronext Amsterdam,EUR,0.01,2025-09-05,0.0,0.0,0.0,0.01,OK_HIST,CACHE|HISTORICAL_CLOSE,,,,,,,
CABKA EUR 12W,NL00150000U3,DSCW2,Euronext Amsterdam,EUR,0.0025,2025-09-05,0.0025,26.0,0.065,0.003,OK_HIST,CACHE|HISTORICAL_CLOSE,,,,,,,
CABKA EUR 13W,NL00150000V1,DSCW3,Euronext Amsterdam,EUR,0.0015,2025-09-05,0.0015,26.0,0.039,0.002,OK_HIST,CACHE|HISTORICAL_CLOSE,,,,,,,
CAMBODGE NOM.,FR001400SUB7,CBDG,Euronext Paris,EUR,97.0,2025-09-05,97.0,211.0,20467.0,97.0,OK_HIST,CACHE|HISTORICAL_CLOSE,,,,,,,
CAMPINE,BE0003825420,CAMB,Euronext Brussels,EUR,255.0,2025-09-05,255.0,922.0,235110.0,255.0,OK_HIST,CACHE|HISTORICAL_CLOSE,,,,,,,
CAPGEMINI,FR0000125338,CAP,Euronext Paris,EUR,125.0,2025-09-05,125.0,554918.0,69084161.3,125.0,OK_HIST,CACHE|HISTORICAL_CLOSE,,,,,,,
CARE PROPERTY INV.,BE0974273055,CPINV,Euronext Brussels,EUR,12.24,2025-09-05,12.24,74648.0,916395.36,12.22,OK_HIST,CACHE|HISTORICAL_CLOSE,,,,,,,
CARMILA,FR0010828137,CARM,Euronext Paris,EUR,16.92,2025-09-05,16.92,99647.0,1683961.0,16.92,OK_HIST,CACHE|HISTORICAL_CLOSE,,,,,,,
CARREFOUR,FR0000120172,CA,Euronext Paris,EUR,12.3,2025-09-05,12.3,1506972.0,18540674.765,12.3,OK_HIST,CACHE|HISTORICAL_CLOSE,,,,,,,
CASINO BSA1,FR001400OJ72,COBS1,Euronext Paris,EUR,0.0155,2025-09-05,0.0,0.0,0.0,,NOT_FOUND,NOT_FOUND,,,,,,,
CASINO BSA3,FR001400OJ98,COBS3,Euronext Paris,EUR,0.0005,2025-09-05,0.0005,5399.0,2.6995,0.528,OK_HIST,CACHE|HISTORICAL_CLOSE,,,,,,,
CASINO GUICHARD,FR001400OKR3,CO,Euronext Paris,EUR,0.528,2025-09-05,0.528,444437.0,237697.937,0.528,OK_HIST,CACHE|HISTORICAL_CLOSE,,,,,,,
CBO TERRITORIA,FR0010193979,CBOT,Euronext Paris,EUR,3.61,2025-09-05,3.61,5886.0,21283.02,3.61,OK_HIST,CACHE|HISTORICAL_CLOSE,,,,,,,
CELYAD ONCOLOGY,BE0974260896,CYAD,"Euronext Brussels, Paris",EUR,0.305,2025-09-05,0.305,1022.0,312.97,0.301,OK_HIST,CACHE|HISTORICAL_CLOSE,,,,,,,
CENERGY,BE0974303357,CENER,Euronext Brussels,EUR,10.68,2025-09-05,10.68,4456.0,46804.0,10.38,OK_HIST,CACHE|HISTORICAL_CLOSE,,,,,,,
CFE,BE0003883031,CFEB,Euronext Brussels,EUR,9.2,2025-09-05,9.2,5145.0,47111.72,9.12,OK_HIST,CACHE|HISTORICAL_CLOSE,,,,,,,
CFI,FR0000037475,CFI,Euronext Paris,EUR,3.04,2025-09-05,3.04,2060.0,6262.4,3.04,OK_HIST,CACHE|HISTORICAL_CLOSE,,,,,,,
CHAUSSERIA,FR0000060907,CHSR,Euronext Paris,EUR,7.0,2025-09-05,7.0,2.0,14.0,15.51,OK_HIST,CACHE|HISTORICAL_CLOSE,,,,,,,
CHRISTIAN DIOR,FR0000130403,CDI,Euronext Paris,EUR,472.0,2025-09-05,472.0,6457.0,3056757.9,472.0,OK_HIST,CACHE|HISTORICAL_CLOSE,,,,,,,
CIE BOIS SAUVAGE,BE0003592038,COMB,Euronext Brussels,EUR,260.0,2025-09-05,260.0,453.0,117782.0,259.0,OK_HIST,CACHE|HISTORICAL_CLOSE,,,,,,,
CIECHARGEURSINVEST,FR0000130692,CRI,Euronext Paris,EUR,11.48,2025-09-05,11.48,7485.0,85333.4,11.48,OK_HIST,CACHE|HISTORICAL_CLOSE,,,,,,,
CLARANOVA,FR0013426004,CLA,Euronext Paris,EUR,1.604,2025-09-05,1.604,50527.0,82296.046,1.604,OK_HIST,CACHE|HISTORICAL_CLOSE,,,,,,,
CLARIANE,FR0010386334,CLARI,Euronext Paris,EUR,3.958,2025-09-05,3.958,426116.0,1696379.732,3.958,OK_HIST,CACHE|HISTORICAL_CLOSE,,,,,,,
CM.COM,NL0012747059,CMCOM,Euronext Amsterdam,EUR,4.61,2025-09-05,4.61,22904.0,105373.755,4.61,OK_HIST,CACHE|HISTORICAL_CLOSE,,,,,,,
CMB.TECH,BE0003816338,CMBT,Euronext Brussels,EUR,7.68,2025-09-05,7.68,239443.0,1857257.59,7.68,OK_HIST,CACHE|HISTORICAL_CLOSE,,,,,,,
Coca-ColaEuropacif,GB00BDCPN049,CCEP,Euronext Amsterdam,EUR,75.4,2025-09-05,75.4,11869.0,889625.7,75.4,OK_HIST,CACHE|HISTORICAL_CLOSE,,,,,,,
COFACE,FR0010667147,COFA,Euronext Paris,EUR,15.45,2025-09-05,15.45,68276.0,1060161.25,15.45,OK_HIST,CACHE|HISTORICAL_CLOSE,,,,,,,
COFINIMMO,BE0003593044,COFB,Euronext Brussels,EUR,73.9,2025-09-05,73.9,43423.0,3206968.65,73.8,OK_HIST,CACHE|HISTORICAL_CLOSE,,,,,,,
COHERIS,FR0004031763,COH,Euronext Paris,EUR,8.78,2025-09-05,8.78,683.0,5851.38,0.02,OK_HIST,CACHE|HISTORICAL_CLOSE,,,,,,,
COLRUYT,BE0974256852,COLR,Euronext Brussels,EUR,38.04,2025-09-05,38.04,27567.0,1049115.06,38.16,OK_HIST,CACHE|HISTORICAL_CLOSE,,,,,,,
COMPAGNIE ODET,FR0000062234,ODET,Euronext Paris,EUR,1418.0,2025-09-05,1418.0,248.0,352185.0,1418.0,OK_HIST,CACHE|HISTORICAL_CLOSE,,,,,,,
CORBION,NL0010583399,CRBN,Euronext Amsterdam,EUR,17.49,2025-09-05,17.49,175563.0,3065796.42,17.49,OK_HIST,CACHE|HISTORICAL_CLOSE,,,,,,,
COTY,US2220702037,COTY,Euronext Paris,EUR,3.8,2025-09-05,3.8,754.0,2855.929,4.37,OK_HIST,CACHE|HISTORICAL_CLOSE,,,,,,,
COURTOIS,FR0000065393,COUR,Euronext Paris,EUR,121.0,2025-09-05,121.0,1.0,121.0,121.0,OK_HIST,CACHE|HISTORICAL_CLOSE,,,,,,,
COVIVIO,FR0000064578,COV,Euronext Paris,EUR,56.25,2025-09-05,56.25,118332.0,6646648.5,56.26,OK_HIST,CACHE|HISTORICAL_CLOSE,,,,,,,
COVIVIO HOTELS,FR0000060303,COVH,Euronext Paris,EUR,24.0,2025-09-05,24.0,3228.0,77138.1,24.0,OK_HIST,CACHE|HISTORICAL_CLOSE,,,,,,,
CRCAM ALP.PROV.CCI,FR0000044323,CRAP,Euronext Paris,EUR,140.92,2025-09-05,140.92,339.0,46704.64,140.92,OK_HIST,CACHE|HISTORICAL_CLOSE,,,,,,,
CRCAM ATL.VEND.CCI,FR0000185506,CRAV,Euronext Paris,EUR,147.5,2025-09-05,147.5,488.0,71889.94,147.5,OK_HIST,CACHE|HISTORICAL_CLOSE,,,,,,,
CRCAM BRIE PIC2CCI,FR0010483768,CRBP2,Euronext Paris,EUR,27.03,2025-09-05,27.03,11521.0,308465.92,27.03,OK_HIST,CACHE|HISTORICAL_CLOSE,,,,,,,
CRCAM ILLE-VIL.CCI,FR0000045213,CIV,Euronext Paris,EUR,109.44,2025-09-05,109.44,535.0,57801.68,109.44,OK_HIST,CACHE|HISTORICAL_CLOSE,,,,,,,
CRCAM LANGUED CCI,FR0010461053,CRLA,Euronext Paris,EUR,80.3,2025-09-05,80.3,571.0,45945.57,80.3,OK_HIST,CACHE|HISTORICAL_CLOSE,,,,,,,
CRCAM LOIRE HTE L.,FR0000045239,CRLO,Euronext Paris,EUR,96.4,2025-09-05,96.4,1351.0,128745.79,96.4,OK_HIST,CACHE|HISTORICAL_CLOSE,,,,,,,
CRCAM MORBIHAN CCI,FR0000045551,CMO,Euronext Paris,EUR,106.0,2025-09-05,106.0,464.0,49839.52,106.0,OK_HIST,CACHE|HISTORICAL_CLOSE,,,,,,,
CRCAM NORD CCI,FR0000185514,CNDF,Euronext Paris,EUR,22.52,2025-09-05,22.52,26882.0,612320.375,22.52,OK_HIST,CACHE|HISTORICAL_CLOSE,,,,,,,
CRCAM NORM.SEINE,FR0000044364,CCN,Euronext Paris,EUR,124.6,2025-09-05,124.6,454.0,56962.52,124.6,OK_HIST,CACHE|HISTORICAL_CLOSE,,,,,,,
CRCAM PARIS ET IDF,FR0000045528,CAF,Euronext Paris,EUR,89.0,2025-09-05,89.0,2693.0,240755.68,51.45,OK_HIST,CACHE|HISTORICAL_CLOSE,,,,,,,
CRCAM SUD R.A.CCI,FR0000045346,CRSU,Euronext Paris,EUR,193.1,2025-09-05,193.1,533.0,102335.58,193.1,OK_HIST,CACHE|HISTORICAL_CLOSE,,,,,,,
CRCAM TOURAINE CCI,FR0000045304,CRTO,Euronext Paris,EUR,120.9,2025-09-05,120.9,1166.0,139133.9,120.9,OK_HIST,CACHE|HISTORICAL_CLOSE,,,,,,,
CREDIT AGRICOLE,FR0000045072,ACA,Euronext Paris,EUR,15.69,2025-09-05,15.69,5047348.0,79603971.545,15.69,OK_HIST,CACHE|HISTORICAL_CLOSE,,,,,,,
CRESCENT,BE0003836534,OPTI,Euronext Brussels,EUR,0.0064,2025-09-05,0.0064,916577.0,5922.6328,0.0066,OK_HIST,CACHE|HISTORICAL_CLOSE,,,,,,,
CROSSWOOD,FR0000050395,CROS,Euronext Paris,EUR,10.7,2025-09-05,10.7,20.0,214.0,10.7,OK_HIST,CACHE|HISTORICAL_CLOSE,,,,,,,
CTAC,NL0000345577,CTAC,Euronext Amsterdam,EUR,3.34,2025-09-05,3.34,13748.0,45904.08,3.34,OK_HIST,CACHE|HISTORICAL_CLOSE,,,,,,,
CTP,NL00150006R6,CTPNV,Euronext Amsterdam,EUR,18.26,2025-09-05,18.26,123330.0,2238650.96,18.26,OK_HIST,CACHE|HISTORICAL_CLOSE,,,,,,,
CUMULEX,BE0003463685,CLEX,Euronext Brussels,EUR,0.755,2025-09-05,0.755,40.0,30.2,,NO_HIST_DATA,CACHE,,,,,,,
CVC CAPITAL,JE00BRX98089,CVC,Euronext Amsterdam,EUR,15.42,2025-09-05,15.42,864214.0,13362583.69,15.42,OK_HIST,CACHE|HISTORICAL_CLOSE,,,,,,,
D'IETEREN GROUP,BE0974259880,DIE,Euronext Brussels,EUR,159.4,2025-09-05,159.4,79969.0,12842187.1,160.15,OK_HIST,CACHE|HISTORICAL_CLOSE,,,,,,,
DANONE,FR0000120644,BN,Euronext Paris,EUR,75.08,2025-09-05,75.08,911628.0,68370932.88,75.08,OK_HIST,CACHE|HISTORICAL_CLOSE,,,,,,,
DASSAULT AVIATION,FR0014004L86,AM,Euronext Paris,EUR,269.2,2025-09-05,269.2,60657.0,16341846.8,269.2,OK_HIST,CACHE|HISTORICAL_CLOSE,,,,,,,
DASSAULT SYSTEMES,FR0014003TT8,DSY,Euronext Paris,EUR,26.8,2025-09-05,26.8,1791185.0,48024734.8,26.8,OK_HIST,CACHE|HISTORICAL_CLOSE,,,,,,,
DBV TECHNOLOGIES,FR0010417345,DBV,Euronext Paris,EUR,1.512,2025-09-05,1.512,461293.0,703752.82,1.512,OK_HIST,CACHE|HISTORICAL_CLOSE,,,,,,,
DECEUNINCK,BE0003789063,DECB,Euronext Brussels,EUR,2.095,2025-09-05,2.095,63776.0,133692.065,2.084,OK_HIST,CACHE|HISTORICAL_CLOSE,,,,,,,
DEEZER,FR001400AYG6,DEEZR,Euronext Paris,EUR,1.215,2025-09-05,1.215,9691.0,11557.085,1.216,OK_HIST,CACHE|HISTORICAL_CLOSE,,,,,,,
DEEZER WARRANTS,FR0014004JF6,DEEZW,Euronext Paris,EUR,0.0005,2025-09-05,0.0005,2.0,0.0,,NOT_FOUND,NOT_FOUND,,,,,,,
DEKUPLE,FR0000062978,DKUPL,Euronext Paris,EUR,26.2,2025-09-05,26.2,1225.0,32451.3,26.2,OK_HIST,CACHE|HISTORICAL_CLOSE,,,,,,,
DEME GROUP,BE0974413453,DEME,Euronext Brussels,EUR,127.2,2025-09-05,127.2,6182.0,787142.8,126.8,OK_HIST,CACHE|HISTORICAL_CLOSE,,,,,,,
DERICHEBOURG,FR0000053381,DBG,Euronext Paris,EUR,5.115,2025-09-05,5.115,223769.0,1152531.195,5.116,OK_HIST,CACHE|HISTORICAL_CLOSE,,,,,,,
DGB GROUP N.V.,NL0009169515,DGB,Euronext Amsterdam,EUR,0.608,2025-09-05,0.608,1754.0,1054.592,0.608,OK_HIST,CACHE|HISTORICAL_CLOSE,,,,,,,
DIEGEM KENNEDYCERT,BE0003698124,DIEG,Euronext Brussels,EUR,116.0,2025-09-05,116.0,168.0,19488.0,,NO_HIST_DATA,CACHE,,,,,,,
DISTRI-LAND CERT,BE0003605160,DISL,Euronext Brussels,EUR,214.0,2025-09-05,214.0,5.0,1070.0,214.0,OK_HIST,CACHE|HISTORICAL_CLOSE,,,,,,,
DOCK.PETR.AMBES AM,FR0000065260,DPAM,Euronext Paris,EUR,975.0,2025-09-05,975.0,2.0,1955.0,976.0,OK_HIST,CACHE|HISTORICAL_CLOSE,,,,,,,
DSM FIRMENICH AG,CH1216478797,DSFIR,Euronext Amsterdam,EUR,82.02,2025-09-05,82.02,407512.0,33444110.14,82.02,OK_HIST,CACHE|HISTORICAL_CLOSE,,,,,,,
EAGLEFOOTBALLGROUP,FR0010428771,EFG,Euronext Paris,EUR,1.9,2025-09-05,1.9,664.0,1261.6,1.9,OK_HIST,CACHE|HISTORICAL_CLOSE,,,,,,,
EASE2PAY NV,NL0000345627,EAS2P,Euronext Amsterdam,EUR,0.45,2025-09-05,0.45,48494.0,20888.73,0.45,OK_HIST,CACHE|HISTORICAL_CLOSE,,,,,,,
EBUSCO HOLDING,NL0015002AG2,EBUS,Euronext Amsterdam,EUR,0.283,2025-09-05,0.283,486421.0,140162.7234,0.283,OK_HIST,CACHE|HISTORICAL_CLOSE,,,,,,,
ECONOCOM GROUP,BE0974313455,ECONB,Euronext Brussels,EUR,1.77,2025-09-05,1.77,14622.0,25972.884,1.77,OK_HIST,CACHE|HISTORICAL_CLOSE,,,,,,,
EDENRED,FR0010908533,EDEN,Euronext Paris,EUR,23.81,2025-09-05,23.81,607970.0,14483315.225,23.81,OK_HIST,CACHE|HISTORICAL_CLOSE,,,,,,,
EIFFAGE,FR0000130452,FGR,Euronext Paris,EUR,107.85,2025-09-05,107.85,206523.0,22292486.25,107.86,OK_HIST,CACHE|HISTORICAL_CLOSE,,,,,,,
EKINOPS,FR0011466069,EKI,Euronext Paris,EUR,3.18,2025-09-05,3.18,21527.0,68302.845,3.18,OK_HIST,CACHE|HISTORICAL_CLOSE,,,,,,,
EKOPAK,BE0974380124,EKOP,Euronext Brussels,EUR,6.54,2025-09-05,6.54,2393.0,15968.38,6.58,OK_HIST,CACHE|HISTORICAL_CLOSE,,,,,,,
ELEC.STRASBOURG,FR0000031023,ELEC,Euronext Paris,EUR,153.0,2025-09-05,153.0,667.0,101066.5,153.0,OK_HIST,CACHE|HISTORICAL_CLOSE,,,,,,,
ELECT. MADAGASCAR,FR0000035719,EEM,Euronext Paris,EUR,2.9,2025-09-05,2.9,500.0,1450.0,3.4,OK_HIST,CACHE|HISTORICAL_CLOSE,,,,,,,
ELIA GROUP,BE0003822393,ELI,Euronext Brussels,EUR,94.3,2025-09-05,94.3,65335.0,6151187.2,93.76,OK_HIST,CACHE|HISTORICAL_CLOSE,,,,,,,
ELIOR GROUP,FR0011950732,ELIOR,Euronext Paris,EUR,2.416,2025-09-05,2.416,495382.0,1203794.416,2.416,OK_HIST,CACHE|HISTORICAL_CLOSE,,,,,,,
ELIS,FR0012435121,ELIS,Euronext Paris,EUR,23.3,2025-09-05,23.3,167430.0,3913291.12,23.3,OK_HIST,CACHE|HISTORICAL_CLOSE,,,,,,,
EMEIS,FR001400NLM4,EMEIS,Euronext Paris,EUR,11.0,2025-09-05,11.0,225688.0,2516104.25,11.0,OK_HIST,CACHE|HISTORICAL_CLOSE,,,,,,,
ENERGYVISION,BE0974499312,ENRGY,Euronext Brussels,EUR,12.5,2025-09-05,12.5,27593.0,342309.948,12.5,OK_HIST,CACHE|HISTORICAL_CLOSE,,,,,,,
ENGIE,FR0010208488,ENGI,"Euronext Paris, Brussels",EUR,17.64,2025-09-05,17.64,2897740.0,51113427.565,17.616,OK_HIST,CACHE|HISTORICAL_CLOSE,,,,,,,
ENVIPCO,NL0015000GX8,ENVI,Euronext Amsterdam,EUR,7.54,2025-09-05,7.54,25166.0,191766.36,7.54,OK_HIST,CACHE|HISTORICAL_CLOSE,,,,,,,
EQUASENS,FR0012882389,EQS,Euronext Paris,EUR,45.0,2025-09-05,45.0,7604.0,340457.125,45.0,OK_HIST,CACHE|HISTORICAL_CLOSE,,,,,,,
ERAMET,FR0000131757,ERA,Euronext Paris,EUR,48.58,2025-09-05,48.58,28745.0,1396486.82,48.58,OK_HIST,CACHE|HISTORICAL_CLOSE,,,,,,,
ESSILORLUXOTTICA,FR0000121667,EL,Euronext Paris,EUR,259.6,2025-09-05,259.6,359025.0,93177216.65,259.6,OK_HIST,CACHE|HISTORICAL_CLOSE,,,,,,,
ESSO,FR0000120669,ES,Euronext Paris,EUR,97.3,2025-09-05,97.3,2928.0,285776.05,97.3,OK_HIST,CACHE|HISTORICAL_CLOSE,,,,,,,
EURASIA FONC INV,FR0000061475,EFI,Euronext Paris,EUR,0.192,2025-09-05,0.192,32.0,6.14,0.192,OK_HIST,CACHE|HISTORICAL_CLOSE,,,,,,,
EURAZEO,FR0000121121,RF,Euronext Paris,EUR,53.7,2025-09-05,53.7,151902.0,8189638.85,53.7,OK_HIST,CACHE|HISTORICAL_CLOSE,,,,,,,
EUROAPI,FR0014008VX5,EAPI,Euronext Paris,EUR,2.864,2025-09-05,2.864,85358.0,246539.293,2.864,OK_HIST,CACHE|HISTORICAL_CLOSE,,,,,,,
EUROCASTLE INVEST.,GB00B94QM994,ECT,Euronext Amsterdam,EUR,9.65,2025-09-05,9.65,5.0,48.25,9.66,OK_HIST,CACHE|HISTORICAL_CLOSE,,,,,,,
EUROCOMMERCIAL,NL0015000K93,ECMPA,"Euronext Amsterdam, Brussels",EUR,26.8,2025-09-05,26.8,35661.0,949970.3,26.7,OK_HIST,CACHE|HISTORICAL_CLOSE,,,,,,,
EUROFINS SCIENT.,FR0014000MR3,ERF,Euronext Paris,EUR,63.84,2025-09-05,63.84,191497.0,12200006.42,63.84,OK_HIST,CACHE|HISTORICAL_CLOSE,,,,,,,
EURONEXT,NL0006294274,ENX,"Euronext Paris, Amsterdam, Brussels",EUR,140.2,2025-09-05,140.2,139617.0,19568597.55,139.95,OK_HIST,CACHE|HISTORICAL_CLOSE,,,,,,,
EUTELSAT COMMUNIC.,FR0010221234,ETL,Euronext Paris,EUR,2.83,2025-09-05,2.83,831501.0,2353309.285,2.83,OK_HIST,CACHE|HISTORICAL_CLOSE,,,,,,,
EVERGREEN,FR0000035784,EGR,Euronext Paris,EUR,0.33,2025-09-05,0.33,17001.0,5762.1,0.33,OK_HIST,CACHE|HISTORICAL_CLOSE,,,,,,,
EVS BROADC.EQUIPM.,BE0003820371,EVS,Euronext Brussels,EUR,33.55,2025-09-05,33.55,20667.0,692292.7,33.36,OK_HIST,CACHE|HISTORICAL_CLOSE,,,,,,,
EXAIL TECHNOLOGIES,FR0000062671,EXA,Euronext Paris,EUR,100.6,2025-09-05,100.6,56906.0,5760664.2,100.6,OK_HIST,CACHE|HISTORICAL_CLOSE,,,,,,,
EXEL INDUSTRIES,FR0004527638,EXE,Euronext Paris,EUR,38.6,2025-09-05,38.6,334.0,12932.5,38.6,OK_HIST,CACHE|HISTORICAL_CLOSE,,,,,,,
EXMAR,BE0003808251,EXM,Euronext Brussels,EUR,9.9,2025-09-05,9.9,2076.0,20580.0,18.4,OK_HIST,CACHE|HISTORICAL_CLOSE,,,,,,,
EXOR NV,NL0012059018,EXO,Euronext Amsterdam,EUR,84.8,2025-09-05,84.8,122352.0,10398194.8,84.8,OK_HIST,CACHE|HISTORICAL_CLOSE,,,,,,,
EXOSENS,FR001400Q9V2,EXENS,Euronext Paris,EUR,36.65,2025-09-05,36.65,43258.0,1587164.55,36.64,OK_HIST,CACHE|HISTORICAL_CLOSE,,,,,,,
EXPLOSIFS PROD.CHI,FR0014003AQ4,EXPL,Euronext Paris,EUR,192.0,2025-09-05,192.0,158.0,30303.0,192.0,OK_HIST,CACHE|HISTORICAL_CLOSE,,,,,,,
FAGRON,BE0003874915,FAGR,"Euronext Brussels, Amsterdam",EUR,21.05,2025-09-05,21.05,34871.0,733123.6,21.0,OK_HIST,CACHE|HISTORICAL_CLOSE,,,,,,,
FASTNED,NL0013654809,FAST,Euronext Amsterdam,EUR,20.55,2025-09-05,20.55,9570.0,198157.0,20.56,OK_HIST,CACHE|HISTORICAL_CLOSE,,,,,,,
FDJ UNITED,FR0013451333,FDJU,Euronext Paris,EUR,27.92,2025-09-05,27.92,241038.0,6726769.27,27.92,OK_HIST,CACHE|HISTORICAL_CLOSE,,,,,,,
FERM.CAS.MUN.CANNE,FR0000062101,FCMC,Euronext Paris,EUR,1570.0,2025-09-05,1570.0,3.0,4710.0,1570.0,OK_HIST,CACHE|HISTORICAL_CLOSE,,,,,,,
FERRARI GROUP,GB00BN0VZ646,FERGR,Euronext Amsterdam,EUR,8.44,2025-09-05,8.44,25354.0,214603.92,8.44,OK_HIST,CACHE|HISTORICAL_CLOSE,,,,,,,
FERROVIAL,NL0015001FS8,FER,Euronext Amsterdam,EUR,46.96,2025-09-05,46.96,202.0,9499.84,46.96,OK_HIST,CACHE|HISTORICAL_CLOSE,,,,,,,
FIDUCIAL OFF.SOL.,FR0000061418,SACI,Euronext Paris,EUR,26.6,2025-09-05,26.6,1.0,26.6,26.6,OK_HIST,CACHE|HISTORICAL_CLOSE,,,,,,,
FIDUCIAL REAL EST.,FR0000060535,ORIA,Euronext Paris,EUR,171.0,2025-09-05,171.0,2.0,342.0,171.0,OK_HIST,CACHE|HISTORICAL_CLOSE,,,,,,,
FIGEAC AERO,FR0011665280,FGA,Euronext Paris,EUR,9.2,2025-09-05,9.2,36482.0,344247.24,9.2,OK_HIST,CACHE|HISTORICAL_CLOSE,,,,,,,
FIN.OUEST AFRICAIN,SN0000033192,FOAF,Euronext Paris,EUR,13.5,2025-09-05,13.5,993.0,13405.5,13.5,OK_HIST,CACHE|HISTORICAL_CLOSE,,,,,,,
FINANCIERE MARJOS,FR0000060824,FINM,Euronext Paris,EUR,0.19,2025-09-05,0.19,425.0,80.75,0.19,OK_HIST,CACHE|HISTORICAL_CLOSE,,,,,,,
FIPP,FR0000038184,FIPP,Euronext Paris,EUR,0.113,2025-09-05,0.113,1018.0,115.03,0.113,OK_HIST,CACHE|HISTORICAL_CLOSE,,,,,,,
FLORIDIENNE,BE0003215143,FLOB,Euronext Brussels,EUR,675.0,2025-09-05,675.0,5.0,3375.0,676.0,OK_HIST,CACHE|HISTORICAL_CLOSE,,,,,,,
FLOW TRADERS,BMG3602E1084,FLOW,Euronext Amsterdam,EUR,25.04,2025-09-05,25.04,99590.0,2503101.88,25.04,OK_HIST,CACHE|HISTORICAL_CLOSE,,,,,,,
FLUXYS BELGIUM D,BE0974265945,FLUX,Euronext Brussels,EUR,20.4,2025-09-05,20.4,1052.0,21394.8,20.3,OK_HIST,CACHE|HISTORICAL_CLOSE,,,,,,,
FNAC DARTY,FR0011476928,FNAC,Euronext Paris,EUR,28.5,2025-09-05,28.5,11482.0,329308.05,28.5,OK_HIST,CACHE|HISTORICAL_CLOSE,,,,,,,
FONCIERE 7 INVEST,FR0000065930,LEBL,Euronext Paris,EUR,0.3,2025-09-05,0.3,1.0,0.3,0.3,OK_HIST,CACHE|HISTORICAL_CLOSE,,,,,,,
FONCIERE INEA,FR0010341032,INEA,Euronext Paris,EUR,32.2,2025-09-05,32.2,856.0,27486.5,32.2,OK_HIST,CACHE|HISTORICAL_CLOSE,,,,,,,
FONCIERE LYONNAISE,FR0000033409,FLY,Euronext Paris,EUR,74.6,2025-09-05,74.6,11.0,818.8,74.6,OK_HIST,CACHE|HISTORICAL_CLOSE,,,,,,,
FONCIERE VOLTA,FR0000053944,SPEL,Euronext Paris,EUR,9.85,2025-09-05,9.85,44.0,433.4,9.86,OK_HIST,CACHE|HISTORICAL_CLOSE,,,,,,,
FORESTIERE EQUAT.,CI0000053161,FORE,Euronext Paris,EUR,765.0,2025-09-05,765.0,5.0,3825.0,766.0,OK_HIST,CACHE|HISTORICAL_CLOSE,,,,,,,
FORFARMERS,NL0011832811,FFARM,Euronext Amsterdam,EUR,4.46,2025-09-05,4.46,42850.0,192178.24,4.46,OK_HIST,CACHE|HISTORICAL_CLOSE,,,,,,,
FORSEE POWER,FR0014005SB3,FORSE,Euronext Paris,EUR,0.385,2025-09-05,0.385,28185.0,10679.9465,0.385,OK_HIST,CACHE|HISTORICAL_CLOSE,,,,,,,
FORVIA,FR0000121147,FRVIA,Euronext Paris,EUR,10.695,2025-09-05,10.695,842724.0,9078902.2925,10.696,OK_HIST,CACHE|HISTORICAL_CLOSE,,,,,,,
FOUNTAIN,BE0003752665,FOU,Euronext Brussels,EUR,1.55,2025-09-05,1.55,2336.0,3620.8,1.55,OK_HIST,CACHE|HISTORICAL_CLOSE,,,,,,,
FRANCAISE ENERGIE,FR0013030152,FDE,Euronext Paris,EUR,25.7,2025-09-05,25.7,11156.0,291638.75,25.7,OK_HIST,CACHE|HISTORICAL_CLOSE,,,,,,,
FREY,FR0010588079,FREY,Euronext Paris,EUR,29.2,2025-09-05,29.2,125.0,3650.0,29.2,OK_HIST,CACHE|HISTORICAL_CLOSE,,,,,,,
FSDV,FR0000031973,FSDV,Euronext Paris,EUR,16.8,2025-09-05,16.8,1.0,16.8,16.8,OK_HIST,CACHE|HISTORICAL_CLOSE,,,,,,,
FUGRO,NL00150003E1,FUR,Euronext Amsterdam,EUR,11.1,2025-09-05,11.1,450404.0,5038652.765,11.1,OK_HIST,CACHE|HISTORICAL_CLOSE,,,,,,,
GALAPAGOS,BE0003818359,GLPG,"Euronext Amsterdam, Brussels",EUR,28.44,2025-09-05,28.44,145143.0,4054234.06,28.46,OK_HIST,CACHE|HISTORICAL_CLOSE,,,,,,,
GAUMONT,FR0000034894,GAM,Euronext Paris,EUR,79.0,2025-09-05,79.0,21.0,1641.5,1.5,OK_HIST,CACHE|HISTORICAL_CLOSE,,,,,,,
GBL,BE0003797140,GBLB,Euronext Brussels,EUR,75.7,2025-09-05,75.7,73883.0,5592793.4,75.6,OK_HIST,CACHE|HISTORICAL_CLOSE,,,,,,,
GEA GRENOBL.ELECT.,FR0000053035,GEA,Euronext Paris,EUR,84.0,2025-09-05,84.0,127.0,10633.0,84.0,OK_HIST,CACHE|HISTORICAL_CLOSE,,,,,,,
GECINA,FR0010040865,GFC,Euronext Paris,EUR,83.75,2025-09-05,83.75,125345.0,10449259.3,83.76,OK_HIST,CACHE|HISTORICAL_CLOSE,,,,,,,
GENEURO,CH0308403085,GNRO,Euronext Paris,EUR,0.028,2025-09-05,0.028,98409.0,2695.036,0.028,OK_HIST,CACHE|HISTORICAL_CLOSE,,,,,,,
GENFIT,FR0004163111,GNFT,Euronext Paris,EUR,3.442,2025-09-05,3.442,114146.0,392674.051,3.442,OK_HIST,CACHE|HISTORICAL_CLOSE,,,,,,,
GENSIGHT BIOLOGICS,FR0013183985,SIGHT,Euronext Paris,EUR,0.15,2025-09-05,0.15,130709.0,19840.187,0.15,OK_HIST,CACHE|HISTORICAL_CLOSE,,,,,,,
GETLINK SE,FR0010533075,GET,Euronext Paris,EUR,15.68,2025-09-05,15.68,403885.0,6332374.02,15.68,OK_HIST,CACHE|HISTORICAL_CLOSE,,,,,,,
GIG,GG00BMB5XZ39,CABLE,Euronext Amsterdam,GBP,4.1,2025-09-05,4.1,100.0,410.0,32.04,OK_HIST,CACHE|HISTORICAL_CLOSE,,,,,,,
GIMV,BE0003699130,GIMB,Euronext Brussels,EUR,45.75,2025-09-05,45.75,17813.0,817320.2,45.6,OK_HIST,CACHE|HISTORICAL_CLOSE,,,,,,,
GL EVENTS,FR0000066672,GLO,Euronext Paris,EUR,29.75,2025-09-05,29.75,8494.0,254449.05,29.76,OK_HIST,CACHE|HISTORICAL_CLOSE,,,,,,,
GPE GROUP PIZZORNO,FR0010214064,GPE,Euronext Paris,EUR,58.2,2025-09-05,58.2,177.0,10327.4,58.2,OK_HIST,CACHE|HISTORICAL_CLOSE,,,,,,,
GRAINES VOLTZ,FR0000065971,GRVO,Euronext Paris,EUR,20.1,2025-09-05,20.1,376.0,7469.6,20.1,OK_HIST,CACHE|HISTORICAL_CLOSE,,,,,,,
GROUPE CRIT,FR0000036675,CEN,Euronext Paris,EUR,61.2,2025-09-05,61.2,3728.0,229359.0,61.2,OK_HIST,CACHE|HISTORICAL_CLOSE,,,,,,,
GROUPE JAJ,FR0004010338,GJAJ,Euronext Paris,EUR,1.19,2025-09-05,1.19,19.0,22.61,1.19,OK_HIST,CACHE|HISTORICAL_CLOSE,,,,,,,
GROUPE PARTOUCHE,FR0012612646,PARP,Euronext Paris,EUR,18.85,2025-09-05,18.85,48.0,905.1,18.86,OK_HIST,CACHE|HISTORICAL_CLOSE,,,,,,,
GROUPE SFPI,FR0004155000,SFPI,Euronext Paris,EUR,2.3,2025-09-05,2.3,713.0,1631.54,2.3,OK_HIST,CACHE|HISTORICAL_CLOSE,,,,,,,
GTT,FR0011726835,GTT,Euronext Paris,EUR,150.4,2025-09-05,150.4,89043.0,13468579.2,150.4,OK_HIST,CACHE|HISTORICAL_CLOSE,,,,,,,
GUERBET,FR0000032526,GBT,Euronext Paris,EUR,19.34,2025-09-05,19.34,7295.0,140389.68,19.34,OK_HIST,CACHE|HISTORICAL_CLOSE,,,,,,,
GUILLEMOT,FR0000066722,GUI,Euronext Paris,EUR,5.48,2025-09-05,5.48,4812.0,25857.76,5.48,OK_HIST,CACHE|HISTORICAL_CLOSE,,,,,,,
HAL TRUST,BMG455841020,HAL,Euronext Amsterdam,EUR,143.2,2025-09-05,143.2,28466.0,4084234.2,143.2,OK_HIST,CACHE|HISTORICAL_CLOSE,,,,,,,
HAULOTTE GROUP,FR0000066755,PIG,Euronext Paris,EUR,2.52,2025-09-05,2.52,3433.0,8688.45,2.52,OK_HIST,CACHE|HISTORICAL_CLOSE,,,,,,,
HAVAS,NL0015002AH0,HAVAS,Euronext Amsterdam,EUR,1.52,2025-09-05,1.52,720694.0,1101517.3915,1.52,OK_HIST,CACHE|HISTORICAL_CLOSE,,,,,,,
HAWICK DATA NV,NL0010556726,HWK,Euronext Amsterdam,EUR,2.34,2025-09-05,2.34,350.0,819.0,142.0,OK_HIST,CACHE|HISTORICAL_CLOSE,,,,,,,
HDF,FR0014003VY4,HDF,Euronext Paris,EUR,4.74,2025-09-05,4.74,907.0,4313.81,4.74,OK_HIST,CACHE|HISTORICAL_CLOSE,,,,,,,
HEIJMANS KON,NL0009269109,HEIJM,Euronext Amsterdam,EUR,55.85,2025-09-05,55.85,78881.0,4367781.85,55.86,OK_HIST,CACHE|HISTORICAL_CLOSE,,,,,,,
HEINEKEN,NL0000009165,HEIA,Euronext Amsterdam,EUR,66.8,2025-09-05,66.8,583206.0,38972524.0,66.8,OK_HIST,CACHE|HISTORICAL_CLOSE,,,,,,,
HEINEKEN HOLDING,NL0000008977,HEIO,Euronext Amsterdam,EUR,59.05,2025-09-05,59.05,163474.0,9663673.5,59.06,OK_HIST,CACHE|HISTORICAL_CLOSE,,,,,,,
HERMES INTL,FR0000052292,RMS,Euronext Paris,EUR,2039.0,2025-09-05,2039.0,60934.0,123679638.0,2039.0,OK_HIST,CACHE|HISTORICAL_CLOSE,,,,,,,
HIGH CO,FR0000054231,HCO,Euronext Paris,EUR,3.53,2025-09-05,3.53,70221.0,246020.15,3.53,OK_HIST,CACHE|HISTORICAL_CLOSE,,,,,,,
HOLLAND COLOURS,NL0000440311,HOLCO,Euronext Amsterdam,EUR,103.0,2025-09-05,103.0,517.0,53312.0,103.0,OK_HIST,CACHE|HISTORICAL_CLOSE,,,,,,,
HOME INVEST BE.,BE0974409410,HOMI,Euronext Brussels,EUR,19.78,2025-09-05,19.78,10131.0,200110.84,19.74,OK_HIST,CACHE|HISTORICAL_CLOSE,,,,,,,
HOTELS DE PARIS,FR0004165801,HDP,Euronext Paris,EUR,2.1,2025-09-05,2.1,3.0,6.3,2.1,OK_HIST,CACHE|HISTORICAL_CLOSE,,,,,,,
HYBRID SOFTWARE GR,GB00BYN5BY03,HYSG,Euronext Brussels,EUR,3.82,2025-09-05,3.82,20571.0,78453.8,3.82,OK_HIST,CACHE|HISTORICAL_CLOSE,,,,,,,
HYDRATEC,NL0009391242,HYDRA,Euronext Amsterdam,EUR,188.0,2025-09-05,188.0,44.0,8272.0,188.0,OK_HIST,CACHE|HISTORICAL_CLOSE,,,,,,,
HYLORIS,BE0974363955,HYL,Euronext Brussels,EUR,6.4,2025-09-05,6.4,4128.0,26879.28,6.42,OK_HIST,CACHE|HISTORICAL_CLOSE,,,,,,,
IBA,BE0003766806,IBAB,Euronext Brussels,EUR,11.8,2025-09-05,11.8,17918.0,212103.36,11.8,OK_HIST,CACHE|HISTORICAL_CLOSE,,,,,,,
ICADE,FR0000035081,ICAD,Euronext Paris,EUR,20.38,2025-09-05,20.38,296786.0,6026628.24,20.38,OK_HIST,CACHE|HISTORICAL_CLOSE,,,,,,,
ID LOGISTICS GROUP,FR0010929125,IDL,Euronext Paris,EUR,390.5,2025-09-05,390.5,7698.0,2990335.5,390.6,OK_HIST,CACHE|HISTORICAL_CLOSE,,,,,,,
IDI,FR0000051393,IDIP,Euronext Paris,EUR,78.2,2025-09-05,78.2,105.0,8226.2,78.2,OK_HIST,CACHE|HISTORICAL_CLOSE,,,,,,,
IEP INVEST,BE0003748622,IEP,Euronext Brussels,EUR,5.5,2025-09-05,5.5,34.0,185.2,5.46,OK_HIST,CACHE|HISTORICAL_CLOSE,,,,,,,
IMCD,NL0010801007,IMCD,Euronext Amsterdam,EUR,92.82,2025-09-05,92.82,237217.0,21993384.62,92.82,OK_HIST,CACHE|HISTORICAL_CLOSE,,,,,,,
IMERYS,FR0000120859,NK,Euronext Paris,EUR,21.34,2025-09-05,21.34,56641.0,1203093.4,21.34,OK_HIST,CACHE|HISTORICAL_CLOSE,,,,,,,
IMMO MCC,BE0974287196,MCC,Euronext Brussels,EUR,464.0,2025-09-05,464.0,2.0,928.0,464.0,OK_HIST,CACHE|HISTORICAL_CLOSE,,,,,,,
IMMO MOURY,BE0003893139,IMMOU,Euronext Brussels,EUR,37.2,2025-09-05,37.2,65.0,2418.0,37.2,OK_HIST,CACHE|HISTORICAL_CLOSE,,,,,,,
IMMOB.DASSAULT,FR0000033243,IMDA,Euronext Paris,EUR,54.4,2025-09-05,54.4,54.0,2937.6,54.4,OK_HIST,CACHE|HISTORICAL_CLOSE,,,,,,,
IMMOBEL,BE0003599108,IMMO,Euronext Brussels,EUR,26.3,2025-09-05,26.3,2917.0,76132.55,26.4,OK_HIST,CACHE|HISTORICAL_CLOSE,,,,,,,
INCLUSIO SA/NV,BE0974374069,INCLU,Euronext Brussels,EUR,18.7,2025-09-05,18.7,1361.0,25576.35,18.7,OK_HIST,CACHE|HISTORICAL_CLOSE,,,,,,,
INFOTEL,FR0000071797,INF,Euronext Paris,EUR,40.3,2025-09-05,40.3,2200.0,88607.7,40.3,OK_HIST,CACHE|HISTORICAL_CLOSE,,,,,,,
ING GROEP N.V.,NL0011821202,INGA,"Euronext Amsterdam, Brussels",EUR,20.555,2025-09-05,20.555,7923069.0,164276298.7325,20.57,OK_HIST,CACHE|HISTORICAL_CLOSE,,,,,,,
INNATE PHARMA,FR0010331421,IPH,Euronext Paris,EUR,1.772,2025-09-05,1.772,144356.0,260465.044,1.772,OK_HIST,CACHE|HISTORICAL_CLOSE,,,,,,,
INPOST,LU2290522684,INPST,Euronext Amsterdam,EUR,11.46,2025-09-05,11.46,2509214.0,28137564.295,11.46,OK_HIST,CACHE|HISTORICAL_CLOSE,,,,,,,
INTERPARFUMS,FR0004024222,ITP,Euronext Paris,EUR,30.24,2025-09-05,30.24,33773.0,1029738.78,30.24,OK_HIST,CACHE|HISTORICAL_CLOSE,,,,,,,
INTEXA,FR0000064958,ITXT,Euronext Paris,EUR,2.5,2025-09-05,2.5,35.0,87.5,2.5,OK_HIST,CACHE|HISTORICAL_CLOSE,,,,,,,
INVENTIVA,FR0013233012,IVA,Euronext Paris,EUR,4.465,2025-09-05,4.465,122962.0,547694.09,4.464,OK_HIST,CACHE|HISTORICAL_CLOSE,,,,,,,
IPSEN,FR0010259150,IPN,Euronext Paris,EUR,120.0,2025-09-05,120.0,78832.0,9459179.0,120.0,OK_HIST,CACHE|HISTORICAL_CLOSE,,,,,,,
IPSOS,FR0000073298,IPS,Euronext Paris,EUR,34.52,2025-09-05,34.52,31222.0,1082165.92,34.52,OK_HIST,CACHE|HISTORICAL_CLOSE,,,,,,,
JACQUES BOGART,FR0012872141,JBOG,Euronext Paris,EUR,3.72,2025-09-05,3.72,3192.0,11452.12,3.72,OK_HIST,CACHE|HISTORICAL_CLOSE,,,,,,,
JACQUET METALS,FR0000033904,JCQ,Euronext Paris,EUR,18.86,2025-09-05,18.86,2269.0,42846.1,18.86,OK_HIST,CACHE|HISTORICAL_CLOSE,,,,,,,
JCDECAUX,FR0000077919,DEC,Euronext Paris,EUR,14.83,2025-09-05,14.83,87560.0,1301221.51,14.83,OK_HIST,CACHE|HISTORICAL_CLOSE,,,,,,,
JDE PEET'S,NL0014332678,JDEP,Euronext Amsterdam,EUR,31.26,2025-09-05,31.26,475882.0,14880508.18,31.26,OK_HIST,CACHE|HISTORICAL_CLOSE,,,,,,,
JENSEN-GROUP,BE0003858751,JEN,Euronext Brussels,EUR,62.0,2025-09-05,62.0,5068.0,314631.0,16.34,OK_HIST,CACHE|HISTORICAL_CLOSE,,,,,,,
JUST EAT TAKEAWAY,NL0012015705,TKWY,Euronext Amsterdam,EUR,20.21,2025-09-05,20.21,301138.0,6036615.15,20.21,OK_HIST,CACHE|HISTORICAL_CLOSE,,,,,,,
KAUFMAN ET BROAD,FR0004007813,KOF,Euronext Paris,EUR,27.75,2025-09-05,27.75,47138.0,1299345.1,27.76,OK_HIST,CACHE|HISTORICAL_CLOSE,,,,,,,
KBC,BE0003565737,KBC,Euronext Brussels,EUR,99.5,2025-09-05,99.5,303296.0,30234785.8,99.5,OK_HIST,CACHE|HISTORICAL_CLOSE,,,,,,,
KBC ANCORA,BE0003867844,KBCA,Euronext Brussels,EUR,64.8,2025-09-05,64.8,38792.0,2521632.9,64.9,OK_HIST,CACHE|HISTORICAL_CLOSE,,,,,,,
KENDRION,NL0000852531,KENDR,Euronext Amsterdam,EUR,13.62,2025-09-05,13.62,33541.0,458782.0,13.62,OK_HIST,CACHE|HISTORICAL_CLOSE,,,,,,,
KERING,FR0000121485,KER,Euronext Paris,EUR,237.35,2025-09-05,237.35,273588.0,64706681.4,237.36,OK_HIST,CACHE|HISTORICAL_CLOSE,,,,,,,
KEYWARE TECH.,BE0003880979,KEYW,Euronext Brussels,EUR,0.79,2025-09-05,0.79,170.0,134.3,0.79,OK_HIST,CACHE|HISTORICAL_CLOSE,,,,,,,
KINEPOLIS GROUP,BE0974274061,KIN,Euronext Brussels,EUR,32.95,2025-09-05,32.95,24588.0,812661.95,32.96,OK_HIST,CACHE|HISTORICAL_CLOSE,,,,,,,
KLEPIERRE,FR0000121964,LI,Euronext Paris,EUR,33.54,2025-09-05,33.54,494090.0,16526800.94,33.54,OK_HIST,CACHE|HISTORICAL_CLOSE,,,,,,,
KPN KON,NL0000009082,KPN,Euronext Amsterdam,EUR,4.16,2025-09-05,4.16,9360737.0,38897492.8695,4.16,OK_HIST,CACHE|HISTORICAL_CLOSE,,,,,,,
L'OREAL,FR0000120321,OR,Euronext Paris,EUR,402.65,2025-09-05,402.65,250838.0,100826912.375,402.66,OK_HIST,CACHE|HISTORICAL_CLOSE,,,,,,,
LACROIX GROUP,FR0000066607,LACR,Euronext Paris,EUR,8.0,2025-09-05,8.0,2706.0,21317.68,8.0,OK_HIST,CACHE|HISTORICAL_CLOSE,,,,,,,
LAGARDERE SA,FR0000130213,MMB,Euronext Paris,EUR,20.65,2025-09-05,20.65,19269.0,396837.9,20.66,OK_HIST,CACHE|HISTORICAL_CLOSE,,,,,,,
LATECOERE,FR001400JY13,LAT,Euronext Paris,EUR,0.0118,2025-09-05,0.0118,5778095.0,69081.7801,0.0118,OK_HIST,CACHE|HISTORICAL_CLOSE,,,,,,,
LAURENT-PERRIER,FR0006864484,LPE,Euronext Paris,EUR,91.2,2025-09-05,91.2,368.0,33550.6,91.2,OK_HIST,CACHE|HISTORICAL_CLOSE,,,,,,,
LAVIDE HOLDING,NL0010545679,LVIDE,Euronext Amsterdam,EUR,0.508,2025-09-05,0.508,41314.0,21058.416,0.508,OK_HIST,CACHE|HISTORICAL_CLOSE,,,,,,,
LDC,FR001400SF56,LOUP,Euronext Paris,EUR,86.5,2025-09-05,86.5,3274.0,283540.45,86.5,OK_HIST,CACHE|HISTORICAL_CLOSE,,,,,,,
LECTRA,FR0000065484,LSS,Euronext Paris,EUR,22.65,2025-09-05,22.65,15403.0,348598.55,22.66,OK_HIST,CACHE|HISTORICAL_CLOSE,,,,,,,
LEGRAND,FR0010307819,LR,Euronext Paris,EUR,131.05,2025-09-05,131.05,487853.0,63978668.35,131.06,OK_HIST,CACHE|HISTORICAL_CLOSE,,,,,,,
LHYFE,FR0014009YQ1,LHYFE,Euronext Paris,EUR,3.06,2025-09-05,3.06,6399.0,19624.265,3.06,OK_HIST,CACHE|HISTORICAL_CLOSE,,,,,,,
LINEDATA SERVICES,FR0004156297,LIN,Euronext Paris,EUR,59.8,2025-09-05,59.8,11002.0,655134.0,399.4,OK_HIST,CACHE|HISTORICAL_CLOSE,,,,,,,
LISI,FR0000050353,FII,Euronext Paris,EUR,40.0,2025-09-05,40.0,60240.0,2431287.55,40.0,OK_HIST,CACHE|HISTORICAL_CLOSE,,,,,,,
LNA SANTE,FR0004170017,LNA,Euronext Paris,EUR,29.4,2025-09-05,29.4,2658.0,79032.8,29.4,OK_HIST,CACHE|HISTORICAL_CLOSE,,,,,,,
LOTUS BAKERIES,BE0003604155,LOTB,Euronext Brussels,EUR,8500.0,2025-09-05,8500.0,494.0,4190065.0,8470.0,OK_HIST,CACHE|HISTORICAL_CLOSE,,,,,,,
LUMIBIRD,FR0000038242,LBIRD,Euronext Paris,EUR,16.65,2025-09-05,16.65,64545.0,1091180.25,16.66,OK_HIST,CACHE|HISTORICAL_CLOSE,,,,,,,
LVMH,FR0000121014,MC,Euronext Paris,EUR,496.25,2025-09-05,496.25,518330.0,256713758.025,496.26,OK_HIST,CACHE|HISTORICAL_CLOSE,,,,,,,
MAAT PHARMA,FR0012634822,MAAT,Euronext Paris,EUR,4.06,2025-09-05,4.06,56065.0,233326.46,4.06,OK_HIST,CACHE|HISTORICAL_CLOSE,,,,,,,
MAISONS DU MONDE,FR0013153541,MDM,Euronext Paris,EUR,1.826,2025-09-05,1.826,9956.0,17878.876,1.826,OK_HIST,CACHE|HISTORICAL_CLOSE,,,,,,,
MALTERIES FCO-BEL.,FR0000030074,MALT,Euronext Paris,EUR,890.0,2025-09-05,890.0,18.0,15425.0,890.0,OK_HIST,CACHE|HISTORICAL_CLOSE,,,,,,,
MANITOU BF,FR0000038606,MTU,Euronext Paris,EUR,17.98,2025-09-05,17.98,8892.0,161267.7,17.98,OK_HIST,CACHE|HISTORICAL_CLOSE,,,,,,,
MAROC TELECOM,MA0000011488,IAM,Euronext Paris,EUR,11.4,2025-09-05,11.4,23.0,264.4,11.4,OK_HIST,CACHE|HISTORICAL_CLOSE,,,,,,,
MAUREL ET PROM,FR0000051070,MAU,Euronext Paris,EUR,4.696,2025-09-05,4.696,142735.0,676449.04,4.696,OK_HIST,CACHE|HISTORICAL_CLOSE,,,,,,,
MBWS,FR0000060873,MBWS,Euronext Paris,EUR,2.99,2025-09-05,2.99,3285.0,9831.26,2.99,OK_HIST,CACHE|HISTORICAL_CLOSE,,,,,,,
MEDIA 6,FR0000064404,EDI,Euronext Paris,EUR,10.7,2025-09-05,10.7,1.0,10.7,10.7,OK_HIST,CACHE|HISTORICAL_CLOSE,,,,,,,
MEDINCELL,FR0004065605,MEDCL,Euronext Paris,EUR,16.94,2025-09-05,16.94,58373.0,985516.03,16.94,OK_HIST,CACHE|HISTORICAL_CLOSE,,,,,,,
MELEXIS,BE0165385973,MELE,Euronext Brussels,EUR,66.8,2025-09-05,66.8,16948.0,1134939.95,66.7,OK_HIST,CACHE|HISTORICAL_CLOSE,,,,,,,
MEMSCAP REGPT,FR0010298620,MEMS,Euronext Paris,EUR,3.745,2025-09-05,3.745,10702.0,39647.495,3.746,OK_HIST,CACHE|HISTORICAL_CLOSE,,,,,,,
MERCIALYS,FR0010241638,MERY,Euronext Paris,EUR,10.86,2025-09-05,10.86,125094.0,1352555.68,10.86,OK_HIST,CACHE|HISTORICAL_CLOSE,,,,,,,
MERSEN,FR0000039620,MRN,Euronext Paris,EUR,23.5,2025-09-05,23.5,18345.0,431392.1,23.5,OK_HIST,CACHE|HISTORICAL_CLOSE,,,,,,,
METROPOLE TV,FR0000053225,MMT,Euronext Paris,EUR,13.0,2025-09-05,13.0,88381.0,1154295.85,13.0,OK_HIST,CACHE|HISTORICAL_CLOSE,,,,,,,
MICHELIN,FR001400AJ45,ML,Euronext Paris,EUR,30.95,2025-09-05,30.95,980840.0,30360706.01,30.95,OK_HIST,CACHE|HISTORICAL_CLOSE,,,,,,,
MIKO,BE0003731453,MIKO,Euronext Brussels,EUR,50.0,2025-09-05,50.0,310.0,15520.0,50.0,OK_HIST,CACHE|HISTORICAL_CLOSE,,,,,,,
MKB Nedsense,NL0009312842,NEDSE,Euronext Amsterdam,EUR,0.234,2025-09-05,0.234,588586.0,133002.568,0.234,OK_HIST,CACHE|HISTORICAL_CLOSE,,,,,,,
MONCEY (FIN.) NOM.,FR001400SU99,FMONC,Euronext Paris,EUR,114.0,2025-09-05,114.0,38.0,4279.5,114.0,OK_HIST,CACHE|HISTORICAL_CLOSE,,,,,,,
MONTEA,BE0003853703,MONT,"Euronext Brussels, Paris",EUR,66.5,2025-09-05,66.5,44914.0,2986633.5,66.6,OK_HIST,CACHE|HISTORICAL_CLOSE,,,,,,,
MOPOLI,NL0000488153,MOP,Euronext Brussels,EUR,240.0,2025-09-05,240.0,3.0,720.0,,NO_HIST_DATA,CACHE,,,,,,,
MOPOLI FOND,NL0000488161,MOPF,Euronext Brussels,EUR,7750.0,2025-09-05,7750.0,1.0,7750.0,,NO_HIST_DATA,CACHE,,,,,,,
MOREFIELD GROUP,CWN814651014,MORE,Euronext Amsterdam,EUR,0.76,2025-09-05,0.76,3040.0,2295.405,0.76,OK_HIST,CACHE|HISTORICAL_CLOSE,,,,,,,
MOTORK,GB00BMXH3352,MTRK,Euronext Amsterdam,EUR,4.2,2025-09-05,4.2,3189.0,12802.4,4.2,OK_HIST,CACHE|HISTORICAL_CLOSE,,,,,,,
MOURY CONSTRUCT,BE0003602134,MOUR,Euronext Brussels,EUR,560.0,2025-09-05,560.0,174.0,97944.0,560.0,OK_HIST,CACHE|HISTORICAL_CLOSE,,,,,,,
MYHOTELMATCH,FR001400IE67,MHM,Euronext Paris,EUR,0.381,2025-09-05,0.381,809.0,309.138,0.381,OK_HIST,CACHE|HISTORICAL_CLOSE,,,,,,,
NACON,FR0013482791,NACON,Euronext Paris,EUR,0.803,2025-09-05,0.803,212982.0,173880.902,0.803,OK_HIST,CACHE|HISTORICAL_CLOSE,,,,,,,
NAI ORD SHARES,NL0015000CG2,NAI,Euronext Amsterdam,EUR,9.4,2025-09-05,9.4,2001.0,18209.4,9.4,OK_HIST,CACHE|HISTORICAL_CLOSE,,,,,,,
NAI TREAS SHARES,NL0015000CF4,NAITR,Euronext Amsterdam,EUR,0.04,2025-09-05,0.0,0.0,0.0,0.04,OK_HIST,CACHE|HISTORICAL_CLOSE,,,,,,,
NAI WARRANTS,NL0015000CH0,NAIW,Euronext Amsterdam,EUR,0.038,2025-09-05,0.038,1950.0,74.1,0.038,OK_HIST,CACHE|HISTORICAL_CLOSE,,,,,,,
NANOBIOTIX,FR0011341205,NANO,Euronext Paris,EUR,7.2,2025-09-05,7.2,88652.0,643981.52,7.2,OK_HIST,CACHE|HISTORICAL_CLOSE,,,,,,,
NEDAP,NL0000371243,NEDAP,Euronext Amsterdam,EUR,91.5,2025-09-05,91.5,5043.0,463289.6,91.5,OK_HIST,CACHE|HISTORICAL_CLOSE,,,,,,,
NEPI ROCKCASTLE,NL0015000RT3,NRP,Euronext Amsterdam,EUR,7.1,2025-09-05,7.1,1855.0,13184.88,6.34,OK_HIST,CACHE|HISTORICAL_CLOSE,,,,,,,
NEURONES,FR0004050250,NRO,Euronext Paris,EUR,39.65,2025-09-05,39.65,4183.0,165718.0,39.66,OK_HIST,CACHE|HISTORICAL_CLOSE,,,,,,,
NEW SOURCES ENERGY,NL0009822014,NSE,Euronext Amsterdam,EUR,0.027,2025-09-05,0.027,114750.0,2998.25,0.027,OK_HIST,CACHE|HISTORICAL_CLOSE,,,,,,,
NEXANS,FR0000044448,NEX,Euronext Paris,EUR,125.3,2025-09-05,125.3,143492.0,18109103.2,125.3,OK_HIST,CACHE|HISTORICAL_CLOSE,,,,,,,
NEXITY,FR0010112524,NXI,Euronext Paris,EUR,8.665,2025-09-05,8.665,239608.0,2082075.12,8.666,OK_HIST,CACHE|HISTORICAL_CLOSE,,,,,,,
NEXTENSA,BE0003770840,NEXTA,Euronext Brussels,EUR,41.9,2025-09-05,41.9,1064.0,44439.4,42.1,OK_HIST,CACHE|HISTORICAL_CLOSE,,,,,,,
NN GROUP,NL0010773842,NN,Euronext Amsterdam,EUR,57.9,2025-09-05,57.9,482673.0,27983691.38,57.9,OK_HIST,CACHE|HISTORICAL_CLOSE,,,,,,,
NOKIA,FI0009000681,NOKIA,Euronext Paris,EUR,3.886,2025-09-05,3.886,216523.0,841165.935,3.886,OK_HIST,CACHE|HISTORICAL_CLOSE,,,,,,,
NR21,FR0014001PV6,NR21,Euronext Paris,EUR,40.0,2025-09-05,40.0,1.0,40.0,40.0,OK_HIST,CACHE|HISTORICAL_CLOSE,,,,,,,
NRJ GROUP,FR0000121691,NRG,Euronext Paris,EUR,7.26,2025-09-05,7.26,1570.0,11402.9,7.26,OK_HIST,CACHE|HISTORICAL_CLOSE,,,,,,,
NSI N.V.,NL0012365084,NSI,Euronext Amsterdam,EUR,21.35,2025-09-05,21.35,25987.0,552854.3,21.36,OK_HIST,CACHE|HISTORICAL_CLOSE,,,,,,,
NX FILTRATION,NL0015000D50,NXFIL,Euronext Amsterdam,EUR,2.82,2025-09-05,2.82,70890.0,201634.605,2.82,OK_HIST,CACHE|HISTORICAL_CLOSE,,,,,,,
NYRSTAR,BE0974294267,NYR,Euronext Brussels,EUR,0.0756,2025-09-05,0.0756,113074.0,9051.9672,0.078,OK_HIST,CACHE|HISTORICAL_CLOSE,,,,,,,
NYXOAH,BE0974358906,NYXH,Euronext Brussels,EUR,4.92,2025-09-05,4.92,30944.0,153101.88,4.936,OK_HIST,CACHE|HISTORICAL_CLOSE,,,,,,,
OCI,NL0010558797,OCI,Euronext Amsterdam,EUR,4.758,2025-09-05,4.758,454303.0,2164524.774,4.758,OK_HIST,CACHE|HISTORICAL_CLOSE,,,,,,,
OENEO,FR0000052680,SBT,Euronext Paris,EUR,9.36,2025-09-05,9.36,1012.0,9525.92,9.36,OK_HIST,CACHE|HISTORICAL_CLOSE,,,,,,,
ONTEX GROUP,BE0974276082,ONTEX,Euronext Brussels,EUR,6.52,2025-09-05,6.52,54394.0,357594.35,6.53,OK_HIST,CACHE|HISTORICAL_CLOSE,,,,,,,
ONWARD MEDICAL,NL0015000HT4,ONWD,"Euronext Brussels, Amsterdam, Paris",EUR,5.12,2025-09-05,5.12,114101.0,591062.14,5.14,OK_HIST,CACHE|HISTORICAL_CLOSE,,,,,,,
OPMOBILITY,FR0000124570,OPM,Euronext Paris,EUR,12.96,2025-09-05,12.96,73467.0,955141.44,12.96,OK_HIST,CACHE|HISTORICAL_CLOSE,,,,,,,
ORANGE,FR0000133308,ORA,Euronext Paris,EUR,13.625,2025-09-05,13.625,4366285.0,59535763.8225,13.626,OK_HIST,CACHE|HISTORICAL_CLOSE,,,,,,,
ORANGE BELGIUM,BE0003735496,OBEL,Euronext Brussels,EUR,18.6,2025-09-05,18.6,391.0,7282.4,18.6,OK_HIST,CACHE|HISTORICAL_CLOSE,,,,,,,
OREGE,FR0010609206,OREGE,Euronext Paris,EUR,0.333,2025-09-05,0.333,30272.0,10179.412,0.333,OK_HIST,CACHE|HISTORICAL_CLOSE,,,,,,,
OSE IMMUNO,FR0012127173,OSE,Euronext Paris,EUR,5.88,2025-09-05,5.88,54837.0,326220.515,5.88,OK_HIST,CACHE|HISTORICAL_CLOSE,,,,,,,
OVH,FR0014005HJ9,OVH,Euronext Paris,EUR,10.31,2025-09-05,10.31,38605.0,397712.33,10.31,OK_HIST,CACHE|HISTORICAL_CLOSE,,,,,,,
OXURION,BE0974487192,OXUR,Euronext Brussels,EUR,0.0226,2025-09-05,0.0226,79131.0,1883.7932,0.023,OK_HIST,CACHE|HISTORICAL_CLOSE,,,,,,,
PAREF,FR0010263202,PAR,Euronext Paris,EUR,36.7,2025-09-05,36.7,1924.0,70615.1,36.7,OK_HIST,CACHE|HISTORICAL_CLOSE,,,,,,,
PARROT,FR0004038263,PARRO,Euronext Paris,EUR,7.46,2025-09-05,7.46,15943.0,118624.7,7.46,OK_HIST,CACHE|HISTORICAL_CLOSE,,,,,,,
PASSAT,FR0000038465,PSAT,Euronext Paris,EUR,4.59,2025-09-05,4.59,670.0,3071.8,4.59,OK_HIST,CACHE|HISTORICAL_CLOSE,,,,,,,
PATRIMOINE ET COMM,FR0011027135,PAT,Euronext Paris,EUR,24.4,2025-09-05,24.4,2758.0,66420.8,7.31,OK_HIST,CACHE|HISTORICAL_CLOSE,,,,,,,
PAYTON PLANAR,IL0010830391,PAY,Euronext Brussels,EUR,6.8,2025-09-05,6.8,700.0,4760.0,6.8,OK_HIST,CACHE|HISTORICAL_CLOSE,,,,,,,
PB HOLDING,NL0000336303,PBH,Euronext Amsterdam,EUR,2.8,2025-09-05,2.8,19.0,53.2,2.8,OK_HIST,CACHE|HISTORICAL_CLOSE,,,,,,,
PERNOD RICARD,FR0000120693,RI,Euronext Paris,EUR,96.12,2025-09-05,96.12,346648.0,33296606.78,96.12,OK_HIST,CACHE|HISTORICAL_CLOSE,,,,,,,
PERRIER (GERARD),FR0000061459,PERR,Euronext Paris,EUR,81.0,2025-09-05,81.0,97.0,7852.2,81.0,OK_HIST,CACHE|HISTORICAL_CLOSE,,,,,,,
PEUGEOT INVEST,FR0000064784,PEUG,Euronext Paris,EUR,75.4,2025-09-05,75.4,3420.0,259718.0,75.4,OK_HIST,CACHE|HISTORICAL_CLOSE,,,,,,,
PHARMING GROUP,NL0010391025,PHARM,Euronext Amsterdam,EUR,1.285,2025-09-05,1.285,9631432.0,12298219.446,1.285,OK_HIST,CACHE|HISTORICAL_CLOSE,,,,,,,
PHAXIAM Tx,FR001400K4B1,PHXM,Euronext Paris,EUR,0.1005,2025-09-05,0.1005,68779.0,7086.67,0.1006,OK_HIST,CACHE|HISTORICAL_CLOSE,,,,,,,
PHILIPS BUY BACK,NL0000009322,INPHI,Euronext Amsterdam,EUR,29.4,2025-09-05,0.0,0.0,0.0,29.4,OK_HIST,CACHE|HISTORICAL_CLOSE,,,,,,,
PHILIPS KON,NL0000009538,PHIA,Euronext Amsterdam,EUR,23.8,2025-09-05,23.8,1037431.0,24680466.39,23.8,OK_HIST,CACHE|HISTORICAL_CLOSE,,,,,,,
PIERRE VAC BSA ACT,FR001400B4H9,VACBS,Euronext Paris,EUR,0.043,2025-09-05,0.043,307.0,13.201,0.043,OK_HIST,CACHE|HISTORICAL_CLOSE,,,,,,,
PIERRE VAC BSA CRE,FR001400B4G1,VACBT,Euronext Paris,EUR,0.5,2025-09-05,0.5,1500.0,676.62,,NOT_FOUND,NOT_FOUND,,,,,,,
PIERRE VACANCES,FR0000073041,VAC,Euronext Paris,EUR,1.608,2025-09-05,1.608,181169.0,288737.46,1.608,OK_HIST,CACHE|HISTORICAL_CLOSE,,,,,,,
PLANISWARE,FR001400PFU4,PLNW,Euronext Paris,EUR,17.68,2025-09-05,17.68,45138.0,799231.67,17.68,OK_HIST,CACHE|HISTORICAL_CLOSE,,,,,,,
PLAST.VAL LOIRE,FR0013252186,PVL,Euronext Paris,EUR,1.4,2025-09-05,1.4,10682.0,14568.675,1.4,OK_HIST,CACHE|HISTORICAL_CLOSE,,,,,,,
PLUXEE,NL0015001W49,PLX,Euronext Paris,EUR,16.65,2025-09-05,16.65,72651.0,1210762.25,16.65,OK_HIST,CACHE|HISTORICAL_CLOSE,,,,,,,
PORCELEYNE FLES,NL0000378669,PORF,Euronext Amsterdam,EUR,12.0,2025-09-05,12.0,5.0,60.0,12.0,OK_HIST,CACHE|HISTORICAL_CLOSE,,,,,,,
POSTNL,NL0009739416,PNL,Euronext Amsterdam,EUR,0.9985,2025-09-05,0.9985,12283868.0,11982448.99725,0.9986,OK_HIST,CACHE|HISTORICAL_CLOSE,,,,,,,
POXEL,FR0012432516,POXEL,Euronext Paris,EUR,0.281,2025-09-05,0.281,328606.0,95556.974,0.281,OK_HIST,CACHE|HISTORICAL_CLOSE,,,,,,,
PPLA CLASS A,BMG7209L1000,PPLAA,Euronext Amsterdam,EUR,0.3,2025-09-05,0.0,0.0,0.0,0.3,OK_HIST,CACHE|HISTORICAL_CLOSE,,,,,,,
PPLA CLASS B,BMG7209L1182,PPLAB,Euronext Amsterdam,EUR,0.3,2025-09-05,0.0,0.0,0.0,0.3,OK_HIST,CACHE|HISTORICAL_CLOSE,,,,,,,
PPLA European Unit,US69355L1098,PPLA,Euronext Amsterdam,EUR,0.3,2025-09-05,0.0,0.0,0.0,,NOT_FOUND,NOT_FOUND,,,,,,,
PROACTIS SA,FR0004052561,PROAC,Euronext Paris,EUR,0.056,2025-09-05,0.056,1005.0,56.3,0.056,OK_HIST,CACHE|HISTORICAL_CLOSE,,,,,,,
PROSUS,NL0013654783,PRX,Euronext Amsterdam,EUR,52.43,2025-09-05,52.43,1526555.0,80242744.575,52.43,OK_HIST,CACHE|HISTORICAL_CLOSE,,,,,,,
PROXIMUS,BE0003810273,PROX,Euronext Brussels,EUR,7.335,2025-09-05,7.335,349341.0,2564103.505,7.34,OK_HIST,CACHE|HISTORICAL_CLOSE,,,,,,,
PUBLICIS GROUPE SA,FR0000130577,PUB,Euronext Paris,EUR,82.32,2025-09-05,82.32,496604.0,40962908.02,82.32,OK_HIST,CACHE|HISTORICAL_CLOSE,,,,,,,
QEV,NL0015000NM7,QEV,Euronext Amsterdam,EUR,6.9,2025-09-05,6.9,1.0,6.9,6.9,OK_HIST,CACHE|HISTORICAL_CLOSE,,,,,,,
QEV TREAS SHARES,NL0015000NL9,QEVT,Euronext Amsterdam,EUR,0.01,2025-09-05,0.0,0.0,0.0,0.01,OK_HIST,CACHE|HISTORICAL_CLOSE,,,,,,,
QEV WARRANTS,NL0015000NK1,QEVW,Euronext Amsterdam,EUR,0.22,2025-09-05,0.22,115000.0,27250.0,,NOT_FOUND,NOT_FOUND,,,,,,,
QRF,BE0974272040,QRF,Euronext Brussels,EUR,10.55,2025-09-05,10.55,2585.0,27040.1,10.5,OK_HIST,CACHE|HISTORICAL_CLOSE,,,,,,,
QUADIENT,FR0000120560,QDT,Euronext Paris,EUR,15.9,2025-09-05,15.9,22742.0,361859.26,15.9,OK_HIST,CACHE|HISTORICAL_CLOSE,,,,,,,
QUESTFOR GR-PRICAF,BE0003730448,QFG,Euronext Brussels,EUR,4.23,2025-09-05,4.23,4235.0,18005.736,4.23,OK_HIST,CACHE|HISTORICAL_CLOSE,,,,,,,
RAMSAY GEN SANTE,FR0000044471,GDS,Euronext Paris,EUR,9.96,2025-09-05,9.96,42.0,418.12,9.96,OK_HIST,CACHE|HISTORICAL_CLOSE,,,,,,,
RANDSTAD NV,NL0000379121,RAND,Euronext Amsterdam,EUR,38.5,2025-09-05,38.5,411409.0,15881703.325,38.5,OK_HIST,CACHE|HISTORICAL_CLOSE,,,,,,,
RECTICEL,BE0003656676,RECT,Euronext Brussels,EUR,8.97,2025-09-05,8.97,81953.0,742762.06,8.98,OK_HIST,CACHE|HISTORICAL_CLOSE,,,,,,,
REINET INVESTMENTS,LU0383812293,REINA,Euronext Amsterdam,EUR,27.4,2025-09-05,27.4,954.0,26459.0,27.2,OK_HIST,CACHE|HISTORICAL_CLOSE,,,,,,,
RELX,GB00B2B0DG97,REN,Euronext Amsterdam,EUR,40.1,2025-09-05,40.1,738860.0,29663883.82,40.1,OK_HIST,CACHE|HISTORICAL_CLOSE,,,,,,,
REMY COINTREAU,FR0000130395,RCO,Euronext Paris,EUR,52.7,2025-09-05,52.7,47049.0,2480313.65,52.7,OK_HIST,CACHE|HISTORICAL_CLOSE,,,,,,,
RENAULT,FR0000131906,RNO,Euronext Paris,EUR,33.01,2025-09-05,33.01,884891.0,29241362.655,33.01,OK_HIST,CACHE|HISTORICAL_CLOSE,,,,,,,
RETAIL ESTATES,BE0003720340,RET,"Euronext Brussels, Amsterdam",EUR,67.9,2025-09-05,67.9,12405.0,840117.7,68.0,OK_HIST,CACHE|HISTORICAL_CLOSE,,,,,,,
REXEL,FR0010451203,RXL,Euronext Paris,EUR,27.59,2025-09-05,27.59,754197.0,20843893.175,27.59,OK_HIST,CACHE|HISTORICAL_CLOSE,,,,,,,
ROBERTET,FR0000039091,RBT,Euronext Paris,EUR,802.0,2025-09-05,802.0,620.0,496644.0,802.0,OK_HIST,CACHE|HISTORICAL_CLOSE,,,,,,,
ROBERTET CDV 87,FR0000045619,CBR,Euronext Paris,EUR,96.0,2025-09-05,96.0,1.0,96.0,96.0,OK_HIST,CACHE|HISTORICAL_CLOSE,,,,,,,
ROBERTET CI,FR0000045601,CBE,Euronext Paris,EUR,696.9,2025-09-05,696.9,13.0,9059.7,696.9,OK_HIST,CACHE|HISTORICAL_CLOSE,,,,,,,
ROCHE BOBOIS,FR0013344173,RBO,Euronext Paris,EUR,32.0,2025-09-05,32.0,526.0,16915.5,32.0,OK_HIST,CACHE|HISTORICAL_CLOSE,,,,,,,
ROULARTA,BE0003741551,ROU,Euronext Brussels,EUR,13.45,2025-09-05,13.45,448.0,6025.6,13.46,OK_HIST,CACHE|HISTORICAL_CLOSE,,,,,,,
RUBIS,FR0013269123,RUI,Euronext Paris,EUR,28.02,2025-09-05,28.02,108754.0,3063750.68,28.02,OK_HIST,CACHE|HISTORICAL_CLOSE,,,,,,,
S.E.B.,FR0000121709,SK,Euronext Paris,EUR,61.15,2025-09-05,61.15,43595.0,2663804.55,61.16,OK_HIST,CACHE|HISTORICAL_CLOSE,,,,,,,
SAFRAN,FR0000073272,SAF,Euronext Paris,EUR,278.2,2025-09-05,278.2,454668.0,127198974.85,278.2,OK_HIST,CACHE|HISTORICAL_CLOSE,,,,,,,
SAINT GOBAIN,FR0000125007,SGO,"Euronext Paris, Amsterdam, Brussels",EUR,91.46,2025-09-05,91.46,730714.0,66833193.63,91.21,OK_HIST,CACHE|HISTORICAL_CLOSE,,,,,,,
SAINT JEAN GROUPE,FR0000060121,SABE,Euronext Paris,EUR,19.3,2025-09-05,19.3,200.0,3860.0,19.3,OK_HIST,CACHE|HISTORICAL_CLOSE,,,,,,,
SAMSE,FR0000060071,SAMS,Euronext Paris,EUR,134.5,2025-09-05,134.5,227.0,30817.5,134.6,OK_HIST,CACHE|HISTORICAL_CLOSE,,,,,,,
SANOFI,FR0000120578,SAN,Euronext Paris,EUR,79.5,2025-09-05,79.5,3360061.0,266056284.155,8.081,OK_HIST,CACHE|HISTORICAL_CLOSE,,,,,,,
SARTORIUS STED BIO,FR0013154002,DIM,Euronext Paris,EUR,173.75,2025-09-05,173.75,44938.0,7785529.375,173.76,OK_HIST,CACHE|HISTORICAL_CLOSE,,,,,,,
SAVENCIA,FR0000120107,SAVE,Euronext Paris,EUR,61.0,2025-09-05,61.0,256.0,15692.6,61.0,OK_HIST,CACHE|HISTORICAL_CLOSE,,,,,,,
SBM OFFSHORE,NL0000360618,SBMO,Euronext Amsterdam,EUR,21.84,2025-09-05,21.84,245060.0,5392254.18,21.84,OK_HIST,CACHE|HISTORICAL_CLOSE,,,,,,,
SCBSM,FR0006239109,CBSM,Euronext Paris,EUR,8.95,2025-09-05,8.95,300.0,2685.0,8.96,OK_HIST,CACHE|HISTORICAL_CLOSE,,,,,,,
SCHNEIDER ELECTRIC,FR0000121972,SU,Euronext Paris,EUR,218.3,2025-09-05,218.3,973257.0,212685183.075,218.3,OK_HIST,CACHE|HISTORICAL_CLOSE,,,,,,,
SCOR SE,FR0010411983,SCR,Euronext Paris,EUR,27.54,2025-09-05,27.54,336828.0,9297291.76,27.54,OK_HIST,CACHE|HISTORICAL_CLOSE,,,,,,,
SECHE ENVIRONNEM.,FR0000039109,SCHP,Euronext Paris,EUR,90.0,2025-09-05,90.0,2739.0,248272.0,90.0,OK_HIST,CACHE|HISTORICAL_CLOSE,,,,,,,
SEGRO PLC,GB00B5ZN1N88,SGRO,Euronext Paris,EUR,9.989,2025-09-05,10.3,3.0,30.9,,NO_HIST_DATA,CACHE,,,,,,,
SELCODIS,FR0000065492,SLCO,Euronext Paris,EUR,0.29,2025-09-05,0.29,2074.0,601.46,0.29,OK_HIST,CACHE|HISTORICAL_CLOSE,,,,,,,
SELECTIRENTE,FR0004175842,SELER,Euronext Paris,EUR,82.5,2025-09-05,82.5,1.0,82.5,82.6,OK_HIST,CACHE|HISTORICAL_CLOSE,,,,,,,
SEQUANA MEDICAL,BE0974340722,SEQUA,Euronext Brussels,EUR,1.062,2025-09-05,1.062,204625.0,217267.061,1.056,OK_HIST,CACHE|HISTORICAL_CLOSE,,,,,,,
SERGEFERRARI GROUP,FR0011950682,SEFER,Euronext Paris,EUR,6.12,2025-09-05,6.12,1753.0,10698.44,6.12,OK_HIST,CACHE|HISTORICAL_CLOSE,,,,,,,
SES,LU0088087324,SESG,Euronext Paris,EUR,5.8,2025-09-05,5.8,249522.0,1449595.03,5.8,OK_HIST,CACHE|HISTORICAL_CLOSE,,,,,,,
SHELL PLC,GB00BP6MXD84,SHELL,Euronext Amsterdam,EUR,30.46,2025-09-05,30.46,6563334.0,201448335.5125,30.616,OK_HIST,CACHE|HISTORICAL_CLOSE,,,,,,,
SHOWROOMPRIVE,FR0013006558,SRP,Euronext Paris,EUR,0.5,2025-09-05,0.5,36507.0,17308.948,0.5,OK_HIST,CACHE|HISTORICAL_CLOSE,,,,,,,
SHURGARD,GG00BQZCBZ44,SHUR,Euronext Brussels,EUR,32.75,2025-09-05,32.75,63435.0,2062601.0,32.64,OK_HIST,CACHE|HISTORICAL_CLOSE,,,,,,,
SIF HOLDING,NL0011660485,SIFG,Euronext Amsterdam,EUR,7.66,2025-09-05,7.66,64818.0,505360.8,7.66,OK_HIST,CACHE|HISTORICAL_CLOSE,,,,,,,
SIGNIFY NV,NL0011821392,LIGHT,Euronext Amsterdam,EUR,22.74,2025-09-05,22.74,314946.0,7163122.34,22.74,OK_HIST,CACHE|HISTORICAL_CLOSE,,,,,,,
SIPEF,BE0003898187,SIP,Euronext Brussels,EUR,75.2,2025-09-05,75.2,3581.0,269640.1,75.6,OK_HIST,CACHE|HISTORICAL_CLOSE,,,,,,,
SLIGRO FOOD GROUP,NL0000817179,SLIGR,Euronext Amsterdam,EUR,10.96,2025-09-05,10.96,119493.0,1305282.88,10.96,OK_HIST,CACHE|HISTORICAL_CLOSE,,,,,,,
SMCP,FR0013214145,SMCP,Euronext Paris,EUR,6.06,2025-09-05,6.06,64103.0,392260.25,6.06,OK_HIST,CACHE|HISTORICAL_CLOSE,,,,,,,
SOC FRANC CASINOS,FR0010209809,SFCA,Euronext Paris,EUR,1.82,2025-09-05,1.82,5.0,9.1,1.82,OK_HIST,CACHE|HISTORICAL_CLOSE,,,,,,,
SOCIETE GENERALE,FR0000130809,GLE,Euronext Paris,EUR,53.04,2025-09-05,53.04,2111572.0,112559655.98,53.04,OK_HIST,CACHE|HISTORICAL_CLOSE,,,,,,,
SODEXO,FR0000121220,SW,Euronext Paris,EUR,52.35,2025-09-05,52.35,137814.0,7213696.175,52.36,OK_HIST,CACHE|HISTORICAL_CLOSE,,,,,,,
SODITECH,FR0000078321,SEC,Euronext Paris,EUR,2.28,2025-09-05,2.28,557.0,1269.96,2.28,OK_HIST,CACHE|HISTORICAL_CLOSE,,,,,,,
SOFINA,BE0003717312,SOF,Euronext Brussels,EUR,252.6,2025-09-05,252.6,24921.0,6294938.0,253.6,OK_HIST,CACHE|HISTORICAL_CLOSE,,,,,,,
SOITEC,FR0013227113,SOI,Euronext Paris,EUR,33.02,2025-09-05,33.02,125289.0,4169033.58,33.02,OK_HIST,CACHE|HISTORICAL_CLOSE,,,,,,,
SOLOCAL GROUP,FR001400SA10,LOCAL,Euronext Paris,EUR,3.84,2025-09-05,3.84,10083.0,39321.225,3.84,OK_HIST,CACHE|HISTORICAL_CLOSE,,,,,,,
SOLUTIONS 30 SE,FR0013379484,S30,Euronext Paris,EUR,1.45,2025-09-05,1.45,676922.0,999302.804,1.45,OK_HIST,CACHE|HISTORICAL_CLOSE,,,,,,,
SOLVAC NOM(RETAIL),BE0003545531,SOLV,Euronext Brussels,EUR,93.4,2025-09-05,93.4,744.0,69303.8,93.4,OK_HIST,CACHE|HISTORICAL_CLOSE,,,,,,,
SOLVAY,BE0003470755,SOLB,"Euronext Brussels, Paris",EUR,27.48,2025-09-05,27.48,156455.0,4303615.04,27.42,OK_HIST,CACHE|HISTORICAL_CLOSE,,,,,,,
SOPRA STERIA GROUP,FR0000050809,SOP,Euronext Paris,EUR,155.0,2025-09-05,155.0,22018.0,3417121.8,155.0,OK_HIST,CACHE|HISTORICAL_CLOSE,,,,,,,
SPADEL,BE0003798155,SPA,Euronext Brussels,EUR,216.0,2025-09-05,216.0,118.0,25488.0,216.0,OK_HIST,CACHE|HISTORICAL_CLOSE,,,,,,,
SPIE,FR0012757854,SPIE,Euronext Paris,EUR,46.8,2025-09-05,46.8,248711.0,11671543.22,46.8,OK_HIST,CACHE|HISTORICAL_CLOSE,,,,,,,
ST DUPONT,FR0000054199,DPT,Euronext Paris,EUR,0.0994,2025-09-05,0.0994,4111.0,392.5914,0.0994,OK_HIST,CACHE|HISTORICAL_CLOSE,,,,,,,
STEF,FR0000064271,STF,Euronext Paris,EUR,120.0,2025-09-05,120.0,12409.0,1510583.4,120.0,OK_HIST,CACHE|HISTORICAL_CLOSE,,,,,,,
STELLANTIS NV,NL00150001Q9,STLAP,Euronext Paris,EUR,7.75,2025-09-05,7.75,3375871.0,26432712.281,7.75,OK_HIST,CACHE|HISTORICAL_CLOSE,,,,,,,
STMICROELECTRONICS,NL0000226223,STMPA,Euronext Paris,EUR,22.8,2025-09-05,22.8,3440836.0,78666669.02,22.8,OK_HIST,CACHE|HISTORICAL_CLOSE,,,,,,,
SWORD GROUP,FR0004180578,SWP,Euronext Paris,EUR,33.85,2025-09-05,33.85,5866.0,199487.4,33.86,OK_HIST,CACHE|HISTORICAL_CLOSE,,,,,,,
SYENSQO,BE0974464977,SYENS,Euronext Brussels,EUR,74.62,2025-09-05,74.62,89399.0,6675975.1,74.46,OK_HIST,CACHE|HISTORICAL_CLOSE,,,,,,,
SYNERGIE,FR0000032658,SDG,Euronext Paris,EUR,33.0,2025-09-05,33.0,743.0,24594.7,33.0,OK_HIST,CACHE|HISTORICAL_CLOSE,,,,,,,
TARKETT,FR0004188670,TKTT,Euronext Paris,EUR,16.3,2025-09-05,16.3,213.0,3472.95,16.3,OK_HIST,CACHE|HISTORICAL_CLOSE,,,,,,,
TAYNINH,FR0000063307,TAYN,Euronext Paris,EUR,2.5,2025-09-05,2.5,500.0,1250.0,2.5,OK_HIST,CACHE|HISTORICAL_CLOSE,,,,,,,
TECHNIP ENERGIES,NL0014559478,TE,Euronext Paris,EUR,38.9,2025-09-05,38.9,156999.0,6129681.24,38.9,OK_HIST,CACHE|HISTORICAL_CLOSE,,,,,,,
TELEPERFORMANCE,FR0000051807,TEP,Euronext Paris,EUR,65.78,2025-09-05,65.78,243709.0,16087621.03,65.78,OK_HIST,CACHE|HISTORICAL_CLOSE,,,,,,,
TELEVERBIER,CH0008175645,TVRB,Euronext Paris,EUR,54.0,2025-09-05,54.0,1.0,54.0,54.0,OK_HIST,CACHE|HISTORICAL_CLOSE,,,,,,,
TERACT,FR001400BMH7,TRACT,Euronext Paris,EUR,0.958,2025-09-05,0.958,4361.0,4171.6,0.958,OK_HIST,CACHE|HISTORICAL_CLOSE,,,,,,,
TERACT BS,FR0014000TB2,TERBS,Euronext Paris,EUR,0.001,2025-09-05,0.001,17237.0,17.24,0.001,OK_HIST,CACHE|HISTORICAL_CLOSE,,,,,,,
TESSENDERLO,BE0003555639,TESB,Euronext Brussels,EUR,25.9,2025-09-05,25.9,13751.0,357757.55,25.9,OK_HIST,CACHE|HISTORICAL_CLOSE,,,,,,,
TETRAGON FIN GRP,GG00B1RMC548,TFG,Euronext Amsterdam,USD,17.9,2025-09-05,17.9,1426.0,25377.3,17.9,OK_HIST,CACHE|HISTORICAL_CLOSE,,,,,,,
TEXAF,BE0974263924,TEXF,Euronext Brussels,EUR,34.2,2025-09-05,34.2,113.0,3876.0,34.2,OK_HIST,CACHE|HISTORICAL_CLOSE,,,,,,,
TF1,FR0000054900,TFI,Euronext Paris,EUR,8.545,2025-09-05,8.545,156105.0,1338566.965,8.544,OK_HIST,CACHE|HISTORICAL_CLOSE,,,,,,,
TFF GROUP,FR0013295789,TFF,Euronext Paris,EUR,17.0,2025-09-05,17.0,19879.0,354270.55,17.0,OK_HIST,CACHE|HISTORICAL_CLOSE,,,,,,,
THALES,FR0000121329,HO,Euronext Paris,EUR,222.2,2025-09-05,222.2,235694.0,52431557.85,222.2,OK_HIST,CACHE|HISTORICAL_CLOSE,,,,,,,
THE LONDON TUNNELS,GB00BS28ZN53,TLT,Euronext Amsterdam,GBP,1.58,2025-09-05,1.58,500.0,760.64,,NO_HIST_DATA,CACHE,,,,,,,
THEON INTERNAT,CY0200751713,THEON,Euronext Amsterdam,EUR,22.85,2025-09-05,22.85,314833.0,7321959.65,22.86,OK_HIST,CACHE|HISTORICAL_CLOSE,,,,,,,
THERMADOR GROUPE,FR0013333432,THEP,Euronext Paris,EUR,74.5,2025-09-05,74.5,2982.0,224106.7,74.5,OK_HIST,CACHE|HISTORICAL_CLOSE,,,,,,,
TIKEHAU CAPITAL,FR0013230612,TKO,Euronext Paris,EUR,19.04,2025-09-05,19.04,33703.0,643048.52,19.04,OK_HIST,CACHE|HISTORICAL_CLOSE,,,,,,,
TINC,BE0974282148,TINC,Euronext Brussels,EUR,10.02,2025-09-05,10.02,13752.0,138000.56,10.02,OK_HIST,CACHE|HISTORICAL_CLOSE,,,,,,,
TITAN,NL0010389508,TITAN,Euronext Amsterdam,EUR,0.89,2025-09-05,0.89,4331.0,3884.74,0.89,OK_HIST,CACHE|HISTORICAL_CLOSE,,,,,,,
TITAN S.A.,BE0974338700,TITC,"Euronext Brussels, Paris",EUR,36.0,2025-09-05,36.0,3024.0,110092.1,36.2,OK_HIST,CACHE|HISTORICAL_CLOSE,,,,,,,
TKH GROUP,NL0000852523,TWEKA,Euronext Amsterdam,EUR,33.84,2025-09-05,33.84,55249.0,1875596.52,33.84,OK_HIST,CACHE|HISTORICAL_CLOSE,,,,,,,
TOMTOM,NL0013332471,TOM2,Euronext Amsterdam,EUR,5.6,2025-09-05,5.6,875813.0,4773130.6725,5.6,OK_HIST,CACHE|HISTORICAL_CLOSE,,,,,,,
TOTALENERGIES,FR0000120271,TTE,"Euronext Paris, Brussels",EUR,51.82,2025-09-05,51.82,3882794.0,202287711.015,52.085,OK_HIST,CACHE|HISTORICAL_CLOSE,,,,,,,
TotalEnergiesGabon,GA0000121459,EC,Euronext Paris,EUR,178.5,2025-09-05,178.5,246.0,44084.5,178.6,OK_HIST,CACHE|HISTORICAL_CLOSE,,,,,,,
TOUR EIFFEL,FR0000036816,EIFF,Euronext Paris,EUR,4.83,2025-09-05,4.83,1457.0,6980.01,4.83,OK_HIST,CACHE|HISTORICAL_CLOSE,,,,,,,
TRANSGENE,FR0005175080,TNG,Euronext Paris,EUR,1.1,2025-09-05,1.1,41265.0,45153.5,1.1,OK_HIST,CACHE|HISTORICAL_CLOSE,,,,,,,
TRIGANO,FR0005691656,TRI,Euronext Paris,EUR,144.3,2025-09-05,144.3,10697.0,1543065.8,144.3,OK_HIST,CACHE|HISTORICAL_CLOSE,,,,,,,
TRIODOS BANK,NL0010407946,TRIO,Euronext Amsterdam,EUR,31.75,2025-09-05,31.75,3815.0,121111.5,31.75,OK_HIST,CACHE|HISTORICAL_CLOSE,,,,,,,
TUBIZE-FIN,BE0003823409,TUB,Euronext Brussels,EUR,166.8,2025-09-05,166.8,46651.0,7745582.0,166.2,OK_HIST,CACHE|HISTORICAL_CLOSE,,,,,,,
UBISOFT ENTERTAIN,FR0000054470,UBI,Euronext Paris,EUR,8.8,2025-09-05,8.8,330846.0,2927310.486,8.8,OK_HIST,CACHE|HISTORICAL_CLOSE,,,,,,,
UCB,BE0003739530,UCB,Euronext Brussels,EUR,206.9,2025-09-05,206.9,176260.0,36433148.1,206.25,OK_HIST,CACHE|HISTORICAL_CLOSE,,,,,,,
UMG,NL0015000IY2,UMG,Euronext Amsterdam,EUR,24.3,2025-09-05,24.3,864889.0,21015098.02,24.3,OK_HIST,CACHE|HISTORICAL_CLOSE,,,,,,,
UMICORE,BE0974320526,UMI,Euronext Brussels,EUR,13.31,2025-09-05,13.31,300796.0,4003787.26,13.27,OK_HIST,CACHE|HISTORICAL_CLOSE,,,,,,,
UNIBAIL-RODAMCO-WE,FR0013326246,URW,Euronext Paris,EUR,87.58,2025-09-05,87.58,386703.0,33702776.21,87.58,OK_HIST,CACHE|HISTORICAL_CLOSE,,,,,,,
UNILEVER,GB00B10RZP78,UNA,Euronext Amsterdam,EUR,54.98,2025-09-05,54.98,950594.0,52319143.0,54.88,OK_HIST,CACHE|HISTORICAL_CLOSE,,,,,,,
UNION TECH.INFOR.,FR0000074197,FPG,Euronext Paris,EUR,0.117,2025-09-05,0.117,34200.0,3806.193,0.117,OK_HIST,CACHE|HISTORICAL_CLOSE,,,,,,,
V LANSCHOT KEMPEN,NL0000302636,VLK,Euronext Amsterdam,EUR,50.0,2025-09-05,50.0,86618.0,4370541.65,50.0,OK_HIST,CACHE|HISTORICAL_CLOSE,,,,,,,
VALEO,FR0013176526,FR,Euronext Paris,EUR,10.32,2025-09-05,10.32,715187.0,7434584.7275,10.32,OK_HIST,CACHE|HISTORICAL_CLOSE,,,,,,,
VALLOUREC,FR0013506730,VK,Euronext Paris,EUR,14.91,2025-09-05,14.91,404637.0,6044448.515,14.91,OK_HIST,CACHE|HISTORICAL_CLOSE,,,,,,,
VALLOUREC BSA 21,FR00140030K7,VKBS,Euronext Paris,EUR,1.68,2025-09-05,0.0,0.0,0.0,,NOT_FOUND,NOT_FOUND,,,,,,,
VALNEVA,FR0004056851,VLA,Euronext Paris,EUR,3.696,2025-09-05,3.696,648833.0,2414334.958,3.696,OK_HIST,CACHE|HISTORICAL_CLOSE,,,,,,,
VALUE8,NL0010661864,VALUE,Euronext Amsterdam,EUR,6.6,2025-09-05,6.6,4096.0,27141.1,6.6,OK_HIST,CACHE|HISTORICAL_CLOSE,,,,,,,
VALUE8 CUM PREF,NL0015118803,PREVA,Euronext Amsterdam,EUR,4.86,2025-09-05,4.86,64.0,311.04,4.86,OK_HIST,CACHE|HISTORICAL_CLOSE,,,,,,,
VAN DE VELDE,BE0003839561,VAN,Euronext Brussels,EUR,30.8,2025-09-05,30.8,5019.0,153134.9,30.66,OK_HIST,CACHE|HISTORICAL_CLOSE,,,,,,,
VANTIVA,FR0013505062,VANTI,Euronext Paris,EUR,0.1338,2025-09-05,0.1338,87375.0,11776.8258,0.1338,OK_HIST,CACHE|HISTORICAL_CLOSE,,,,,,,
VASTNED,BE0003754687,VASTB,"Euronext Brussels, Amsterdam",EUR,28.6,2025-09-05,28.6,14710.0,423048.3,28.5,OK_HIST,CACHE|HISTORICAL_CLOSE,,,,,,,
VEOLIA ENVIRON.,FR0000124141,VIE,Euronext Paris,EUR,28.42,2025-09-05,28.42,1902547.0,54085690.63,28.42,OK_HIST,CACHE|HISTORICAL_CLOSE,,,,,,,
VERALLIA,FR0013447729,VRLA,Euronext Paris,EUR,24.18,2025-09-05,24.18,31062.0,750710.08,24.18,OK_HIST,CACHE|HISTORICAL_CLOSE,,,,,,,
VERIMATRIX,FR0010291245,VMX,Euronext Paris,EUR,0.205,2025-09-05,0.205,265722.0,54497.189,0.205,OK_HIST,CACHE|HISTORICAL_CLOSE,,,,,,,
VETOQUINOL,FR0004186856,VETO,Euronext Paris,EUR,75.2,2025-09-05,75.2,5058.0,380708.0,75.2,OK_HIST,CACHE|HISTORICAL_CLOSE,,,,,,,
VGP,BE0003878957,VGP,Euronext Brussels,EUR,93.2,2025-09-05,93.2,16891.0,1568108.8,92.7,OK_HIST,CACHE|HISTORICAL_CLOSE,,,,,,,
VICAT,FR0000031775,VCT,Euronext Paris,EUR,59.6,2025-09-05,59.6,17090.0,1021364.5,59.6,OK_HIST,CACHE|HISTORICAL_CLOSE,,,,,,,
VIEL ET COMPAGNIE,FR0000050049,VIL,Euronext Paris,EUR,16.4,2025-09-05,16.4,32669.0,546607.5,16.4,OK_HIST,CACHE|HISTORICAL_CLOSE,,,,,,,
VINCI,FR0000125486,DG,Euronext Paris,EUR,115.55,2025-09-05,115.55,820931.0,95000231.2,115.56,OK_HIST,CACHE|HISTORICAL_CLOSE,,,,,,,
VIOHALCO,BE0974271034,VIO,Euronext Brussels,EUR,6.25,2025-09-05,6.25,4224.0,26908.66,6.28,OK_HIST,CACHE|HISTORICAL_CLOSE,,,,,,,
VIRBAC,FR0000031577,VIRP,Euronext Paris,EUR,324.0,2025-09-05,324.0,3219.0,1044289.25,324.0,OK_HIST,CACHE|HISTORICAL_CLOSE,,,,,,,
VIRIDIEN,FR001400PVN6,VIRI,Euronext Paris,EUR,58.45,2025-09-05,58.45,62641.0,3761572.675,58.46,OK_HIST,CACHE|HISTORICAL_CLOSE,,,,,,,
VITURA,FR0010309096,VTR,Euronext Paris,EUR,6.0,2025-09-05,6.0,14.0,84.05,6.0,OK_HIST,CACHE|HISTORICAL_CLOSE,,,,,,,
VIVENDI SE,FR0000127771,VIV,Euronext Paris,EUR,3.044,2025-09-05,3.044,792131.0,2410689.2575,3.044,OK_HIST,CACHE|HISTORICAL_CLOSE,,,,,,,
VIVORYON,NL00150002Q7,VVY,Euronext Amsterdam,EUR,1.642,2025-09-05,1.642,62915.0,100962.738,1.642,OK_HIST,CACHE|HISTORICAL_CLOSE,,,,,,,
VOLTA FINANCE,GG00B1GHHH78,VTA,Euronext Amsterdam,EUR,6.92,2025-09-05,6.92,32909.0,228257.08,6.92,OK_HIST,CACHE|HISTORICAL_CLOSE,,,,,,,
VOLTALIA,FR0011995588,VLTSA,Euronext Paris,EUR,6.0,2025-09-05,6.0,428173.0,2569208.105,6.0,OK_HIST,CACHE|HISTORICAL_CLOSE,,,,,,,
VOPAK,NL0009432491,VPK,Euronext Amsterdam,EUR,41.3,2025-09-05,41.3,60337.0,2490572.66,41.3,OK_HIST,CACHE|HISTORICAL_CLOSE,,,,,,,
VRANKEN-POMMERY,FR0000062796,VRAP,"Euronext Paris, Brussels",EUR,12.9,2025-09-05,12.9,1911.0,24564.55,12.76,OK_HIST,CACHE|HISTORICAL_CLOSE,,,,,,,
VusionGroup,FR0010282822,VU,Euronext Paris,EUR,198.4,2025-09-05,198.4,17220.0,3432655.55,198.4,OK_HIST,CACHE|HISTORICAL_CLOSE,,,,,,,
WAGA ENERGY,FR0012532810,WAGA,Euronext Paris,EUR,21.5,2025-09-05,21.5,2710.0,58265.5,21.5,OK_HIST,CACHE|HISTORICAL_CLOSE,,,,,,,
WAREHOUSES ESTATES,BE0003734481,WEB,Euronext Brussels,EUR,39.0,2025-09-05,39.0,298.0,11636.2,39.0,OK_HIST,CACHE|HISTORICAL_CLOSE,,,,,,,
WAVESTONE,FR0013357621,WAVE,Euronext Paris,EUR,46.85,2025-09-05,46.85,9003.0,422684.05,46.86,OK_HIST,CACHE|HISTORICAL_CLOSE,,,,,,,
WDP,BE0974349814,WDP,"Euronext Brussels, Amsterdam",EUR,21.68,2025-09-05,21.68,260335.0,5630660.66,21.49,OK_HIST,CACHE|HISTORICAL_CLOSE,,,,,,,
WENDEL,FR0000121204,MF,Euronext Paris,EUR,80.6,2025-09-05,80.6,35787.0,2891530.5,80.6,OK_HIST,CACHE|HISTORICAL_CLOSE,,,,,,,
WERELDHAVE,NL0000289213,WHA,Euronext Amsterdam,EUR,18.66,2025-09-05,18.66,82061.0,1524768.51,18.66,OK_HIST,CACHE|HISTORICAL_CLOSE,,,,,,,
WERELDHAVE BELGIUM,BE0003724383,WEHB,Euronext Brussels,EUR,54.2,2025-09-05,54.2,1080.0,58492.2,54.0,OK_HIST,CACHE|HISTORICAL_CLOSE,,,,,,,
WHAT''S COOKING GP,BE0003573814,WHATS,Euronext Brussels,EUR,114.0,2025-09-05,114.0,844.0,96618.5,114.0,OK_HIST,CACHE|HISTORICAL_CLOSE,,,,,,,
WOLTERS KLUWER,NL0000395903,WKL,Euronext Amsterdam,EUR,108.2,2025-09-05,108.2,736188.0,79743371.15,108.2,OK_HIST,CACHE|HISTORICAL_CLOSE,,,,,,,
WORLDLINE,FR0011981968,WLN,Euronext Paris,EUR,2.631,2025-09-05,2.631,1510155.0,4003423.269,2.631,OK_HIST,CACHE|HISTORICAL_CLOSE,,,,,,,
X-FAB,BE0974310428,XFAB,Euronext Paris,EUR,6.53,2025-09-05,6.53,102835.0,677470.92,6.53,OK_HIST,CACHE|HISTORICAL_CLOSE,,,,,,,
XILAM ANIMATION,FR0004034072,XIL,Euronext Paris,EUR,3.58,2025-09-05,3.58,31546.0,111132.06,3.58,OK_HIST,CACHE|HISTORICAL_CLOSE,,,,,,,
XIOR,BE0974288202,XIOR,Euronext Brussels,EUR,29.75,2025-09-05,29.75,53379.0,1583969.9,29.78,OK_HIST,CACHE|HISTORICAL_CLOSE,,,,,,,
YOUNITED FIN. WARR,LU2999660207,YOUNW,"Euronext Amsterdam, Paris",EUR,0.8565,2025-09-05,0.0,0.0,0.0,,NOT_FOUND,NOT_FOUND,,,,,,,
YOUNITED FINANCIAL,LU2999653251,YOUNI,"Euronext Amsterdam, Paris",EUR,8.0,2025-09-05,8.0,2.0,16.0,,NO_HIST_DATA,CACHE,,,,,,,
ZCI LIMITED,BMG9887P1068,CV,Euronext Paris,EUR,0.2,2025-09-05,0.2,21826.0,3755.94,0.33,OK_HIST,CACHE|HISTORICAL_CLOSE,,,,,,,
ZENOBE GRAMME CERT,BE0003809267,ZEN,Euronext Brussels,EUR,206.0,2025-09-05,206.0,18.0,3708.0,,NO_HIST_DATA,CACHE,,,,,,,
