name,isin,symbol,market,currency,close,close_date,last_price,volume,turnover,ibkr_symbol,ibkr_exchange,ibkr_price,ibkr_price_source,ibkr_bid,ibkr_ask,ibkr_volume,ibkr_last,ibkr_close,ibkr_timestamp,ibkr_status,ibkr_search_method,market_status
74SOFTWARE,FR0011040500,74SW,Euronext Paris,EUR,39.9,2025-08-22,39.9,1359.0,53987.0,AXW,SMART,38.8,CLOSE_TICKER,,,,,38.8,2025-08-28T21:15:28.736027,OK,ISIN:FR0011040500->AXW@SMART,"POST_MARKET (fermeture à 17h30, il est 21:15)"
AB SCIENCE,FR0010557264,AB,Euronext Paris,EUR,1.29,2025-08-22,1.29,159599.0,206305.066,AB,SMART,1.218,CLOSE_TICKER,,,,,1.218,2025-08-28T21:15:29.855341,OK,ISIN:FR0010557264->AB@SMART,"POST_MARKET (fermeture à 17h30, il est 21:15)"
AB SCIENCE BSA,FR001400ZRT0,ABBS,Euronext Paris,EUR,0.274,2025-08-22,-,,,,,,,,,,,,,CONTRACT_NOT_FOUND,BLACKLISTED_ISIN:FR001400ZRT0,"POST_MARKET (fermeture à 17h30, il est 21:15)"
ABC ARBITRAGE,FR0004040608,ABCA,Euronext Paris,EUR,6.05,2025-08-22,6.05,36212.0,219266.27,ABCA,SMART,5.93,CLOSE_TICKER,,,,,5.93,2025-08-28T21:15:30.866884,OK,ISIN:FR0004040608->ABCA@SMART,"POST_MARKET (fermeture à 17h30, il est 21:15)"
ABEO,FR0013185857,ABEO,Euronext Paris,EUR,9.4,2025-08-22,9.4,159.0,1503.6,ABEO,SMART,9.12,CLOSE_TICKER,,,,,9.12,2025-08-28T21:15:31.987856,OK,ISIN:FR0013185857->ABEO@SMART,"POST_MARKET (fermeture à 17h30, il est 21:15)"
ABIONYX PHARMA,FR0012616852,ABNX,Euronext Paris,EUR,2.1,2025-08-22,2.1,539152.0,1120419.933,ABNX,SMART,2.315,CLOSE_TICKER,,,,,2.315,2025-08-28T21:15:33.098440,OK,ISIN:FR0012616852->ABNX@SMART,"POST_MARKET (fermeture à 17h30, il est 21:15)"
ABIVAX,FR0012333284,ABVX,Euronext Paris,EUR,66.5,2025-08-22,66.5,111888.0,7331966.2,ABVX,SMART,68.8,CLOSE_TICKER,,,,,68.8,2025-08-28T21:15:34.218609,OK,ISIN:FR0012333284->ABVX@SMART,"POST_MARKET (fermeture à 17h30, il est 21:15)"
ABL Diagnostics,FR001400AHX6,ABLD,Euronext Paris,EUR,4.48,2025-08-22,4.48,11.0,49.3,ABLD,SMART,4.48,CLOSE_TICKER,,,,,4.48,2025-08-28T21:15:35.332255,OK,ISIN:FR001400AHX6->ABLD@SMART,"POST_MARKET (fermeture à 17h30, il est 21:15)"
ABO GROUP,BE0974278104,ABO,"Euronext Brussels, Paris",EUR,6.3,2025-08-22,6.3,1164.0,7327.35,ABO1,SMART,6.3,CLOSE_TICKER,,,,,6.3,2025-08-28T21:15:36.405030,OK,ISIN:BE0974278104->ABO1@SMART,"POST_MARKET (fermeture à 17h30, il est 21:15)"
ACANTHE DEV.,FR0000064602,ACAN,Euronext Paris,EUR,0.315,2025-08-22,0.315,37136.0,11494.201,ACAN,SMART,0.31,CLOSE_TICKER,,,,,0.31,2025-08-28T21:15:37.510638,OK,ISIN:FR0000064602->ACAN@SMART,"POST_MARKET (fermeture à 17h30, il est 21:15)"
ACCOR,FR0000120404,AC,Euronext Paris,EUR,44.76,2025-08-22,44.76,459014.0,20494623.755,AC,SMART,42.93,CLOSE_TICKER,,,,,42.93,2025-08-28T21:15:38.626016,OK,ISIN:FR0000120404->AC@SMART,"POST_MARKET (fermeture à 17h30, il est 21:15)"
ACTEOS,FR0000076861,EOS,Euronext Paris,EUR,1.2,2025-08-22,1.2,2975.0,3542.78,EOS,SMART,1.145,CLOSE_TICKER,,,,,1.145,2025-08-28T21:15:39.636777,OK,ISIN:FR0000076861->EOS@SMART,"POST_MARKET (fermeture à 17h30, il est 21:15)"
ADC SIIC,BE0974269012,ALDV,Euronext Paris,EUR,0.088,2025-08-22,0.088,350.0,30.8,ALDV,SMART,0.088,CLOSE_TICKER,,,,,0.088,2025-08-28T21:15:40.701973,OK,ISIN:BE0974269012->ALDV@SMART,"POST_MARKET (fermeture à 17h30, il est 21:15)"
ADOCIA,FR0011184241,ADOC,Euronext Paris,EUR,8.9,2025-08-22,8.9,428448.0,3774224.255,ADOC,SMART,7.62,CLOSE_TICKER,,,,,7.62,2025-08-28T21:15:41.804910,OK,ISIN:FR0011184241->ADOC@SMART,"POST_MARKET (fermeture à 17h30, il est 21:15)"
ADP,FR0010340141,ADP,Euronext Paris,EUR,123.4,2025-08-22,123.4,68578.0,8456331.3,ADP,SMART,113.3,CLOSE_TICKER,,,,,113.3,2025-08-28T21:15:42.922120,OK,ISIN:FR0010340141->ADP@SMART,"POST_MARKET (fermeture à 17h30, il est 21:15)"
AELIS FARMA,FR0014007ZB4,AELIS,Euronext Paris,EUR,1.3,2025-08-22,1.3,21276.0,27280.485,AELIS,SMART,1.225,CLOSE_TICKER,,,,,1.225,2025-08-28T21:15:44.032294,OK,ISIN:FR0014007ZB4->AELIS@SMART,"POST_MARKET (fermeture à 17h30, il est 21:15)"
AERKOMM INC,US00774B2088,AKOM,Euronext Paris,EUR,2.8,2025-08-22,2.8,8.0,22.4,,,,,,,,,,,CONTRACT_NOT_FOUND,NOT_FOUND,"POST_MARKET (fermeture à 17h30, il est 21:15)"
AFFLUENT MED BSAR,FR001400FL38,AFMBS,Euronext Paris,EUR,0.0005,2025-08-22,0.0005,130.0,0.06,,,,,,,,,,,CONTRACT_NOT_FOUND,NOT_FOUND,"POST_MARKET (fermeture à 17h30, il est 21:15)"
AFFLUENT MEDICAL,FR0013333077,AFME,Euronext Paris,EUR,1.605,2025-08-22,1.605,9785.0,16124.005,AFME,SMART,1.595,CLOSE_TICKER,,,,,1.595,2025-08-28T21:15:46.864869,OK,ISIN:FR0013333077->AFME@SMART,"POST_MARKET (fermeture à 17h30, il est 21:15)"
AIR FRANCE -KLM,FR001400J770,AF,"Euronext Paris, Amsterdam",EUR,14.93,2025-08-22,14.93,1297888.0,19192907.2175,AF,SMART,13.685,CLOSE_TICKER,,,,,13.685,2025-08-28T21:15:47.879075,OK,ISIN:FR001400J770->AF@SMART,"POST_MARKET (fermeture à 17h30, il est 21:15)"
AIR LIQUIDE,FR0000120073,AI,Euronext Paris,EUR,183.12,2025-08-22,183.12,447873.0,82025830.79,AI,SMART,178.06,CLOSE_TICKER,,,,,178.06,2025-08-28T21:15:49.009484,OK,ISIN:FR0000120073->AI@SMART,"POST_MARKET (fermeture à 17h30, il est 21:15)"
AIRBUS,NL0000235190,AIR,Euronext Paris,EUR,180.72,2025-08-22,180.72,568267.0,102727231.46,AIR,SMART,178.26,CLOSE_TICKER,,,,,178.26,2025-08-28T21:15:50.027181,OK,ISIN:NL0000235190->AIR@SMART,"POST_MARKET (fermeture à 17h30, il est 21:15)"
AKWEL,FR0000053027,AKW,Euronext Paris,EUR,8.2,2025-08-22,8.2,917.0,7498.4,AKW,SMART,8.1,CLOSE_TICKER,,,,,8.1,2025-08-28T21:15:51.157309,OK,ISIN:FR0000053027->AKW@SMART,"POST_MARKET (fermeture à 17h30, il est 21:15)"
ALAN ALLMAN,FR0000062465,AAA,Euronext Paris,EUR,4.1,2025-08-22,4.1,402.0,1648.2,AAA,SMART,4.05,CLOSE_TICKER,,,,,4.05,2025-08-28T21:15:52.272596,OK,ISIN:FR0000062465->AAA@SMART,"POST_MARKET (fermeture à 17h30, il est 21:15)"
ALPES (COMPAGNIE),FR0000053324,CDA,Euronext Paris,EUR,23.35,2025-08-22,23.35,35354.0,821574.65,CDA,SMART,22.25,CLOSE_TICKER,,,,,22.25,2025-08-28T21:15:53.293231,OK,ISIN:FR0000053324->CDA@SMART,"POST_MARKET (fermeture à 17h30, il est 21:15)"
ALSTOM,FR0010220475,ALO,Euronext Paris,EUR,21.89,2025-08-22,21.89,675856.0,14765873.95,ALO,SMART,20.47,CLOSE_TICKER,,,,,20.47,2025-08-28T21:15:54.412050,OK,ISIN:FR0010220475->ALO@SMART,"POST_MARKET (fermeture à 17h30, il est 21:15)"
ALTAMIR,FR0000053837,LTA,Euronext Paris,EUR,28.8,2025-08-22,28.8,567.0,16329.6,LTA,SMART,28.9,CLOSE_TICKER,,,,,28.9,2025-08-28T21:15:55.525872,OK,ISIN:FR0000053837->LTA@SMART,"POST_MARKET (fermeture à 17h30, il est 21:15)"
ALTAREA,FR0000033219,ALTA,Euronext Paris,EUR,109.4,2025-08-22,109.4,5871.0,636582.8,ALTA,SMART,102.8,CLOSE_TICKER,,,,,102.8,2025-08-28T21:15:56.641399,OK,ISIN:FR0000033219->ALTA@SMART,"POST_MARKET (fermeture à 17h30, il est 21:15)"
ALTAREIT,FR0000039216,AREIT,Euronext Paris,EUR,555.0,2025-08-22,555,1.0,555.0,AREIT,SMART,555.0,CLOSE_TICKER,,,,,555.0,2025-08-28T21:15:57.660297,OK,ISIN:FR0000039216->AREIT@SMART,"POST_MARKET (fermeture à 17h30, il est 21:15)"
ALTEN,FR0000071946,ATE,Euronext Paris,EUR,69.4,2025-08-22,69.4,30263.0,2097037.475,ATE,SMART,66.8,CLOSE_TICKER,,,,,66.8,2025-08-28T21:15:58.776695,OK,ISIN:FR0000071946->ATE@SMART,"POST_MARKET (fermeture à 17h30, il est 21:15)"
AMPLITUDE SURGICAL,FR0012789667,AMPLI,Euronext Paris,EUR,6.2,2025-08-22,6.2,2858.0,17719.6,AMPLI,SMART,6.2,CLOSE_TICKER,,,,,6.2,2025-08-28T21:15:59.893660,OK,ISIN:FR0012789667->AMPLI@SMART,"POST_MARKET (fermeture à 17h30, il est 21:15)"
AMUNDI,FR0004125920,AMUN,Euronext Paris,EUR,66.4,2025-08-22,66.4,73651.0,4831861.55,AMUN,SMART,63.75,CLOSE_TICKER,,,,,63.75,2025-08-28T21:16:01.020904,OK,ISIN:FR0004125920->AMUN@SMART,"POST_MARKET (fermeture à 17h30, il est 21:15)"
ANTIN INFRA PARTN,FR0014005AL0,ANTIN,Euronext Paris,EUR,11.72,2025-08-22,11.72,50220.0,575481.3,ANTIN,SMART,11.5,CLOSE_TICKER,,,,,11.5,2025-08-28T21:16:02.138787,OK,ISIN:FR0014005AL0->ANTIN@SMART,"POST_MARKET (fermeture à 17h30, il est 21:15)"
APERAM,LU0569974404,APAM,"Euronext Amsterdam, Brussels, Paris",EUR,26.48,2025-08-22,26.48,70076.0,1850172.4,APAM,SMART,26.0,CLOSE_TICKER,,,,,26.0,2025-08-28T21:16:03.255029,OK,ISIN:LU0569974404->APAM@SMART,"POST_MARKET (fermeture à 17h30, il est 21:15)"
ARAMIS GROUP,FR0014003U94,ARAMI,Euronext Paris,EUR,5.56,2025-08-22,5.56,45640.0,251336.97,ARAMI,SMART,5.63,CLOSE_TICKER,,,,,5.63,2025-08-28T21:16:04.365373,OK,ISIN:FR0014003U94->ARAMI@SMART,"POST_MARKET (fermeture à 17h30, il est 21:15)"
ARCELORMITTAL SA,LU1598757687,MT,"Euronext Amsterdam, Paris",EUR,29.16,2025-08-22,29.16,1051514.0,30512804.84,MT,SMART,28.37,CLOSE_TICKER,,,,,28.37,2025-08-28T21:16:05.482686,OK,ISIN:LU1598757687->MT@SMART,"POST_MARKET (fermeture à 17h30, il est 21:15)"
ARGAN,FR0010481960,ARG,Euronext Paris,EUR,68.8,2025-08-22,68.8,17407.0,1190615.3,ARG,SMART,65.0,CLOSE_TICKER,,,,,65.0,2025-08-28T21:16:06.599252,OK,ISIN:FR0010481960->ARG@SMART,"POST_MARKET (fermeture à 17h30, il est 21:15)"
ARKEMA,FR0010313833,AKE,Euronext Paris,EUR,64.2,2025-08-22,64.2,136251.0,8716341.05,AKE,SMART,61.4,CLOSE_TICKER,,,,,61.4,2025-08-28T21:16:07.619033,OK,ISIN:FR0010313833->AKE@SMART,"POST_MARKET (fermeture à 17h30, il est 21:15)"
ARTEA,FR0012185536,ARTE,Euronext Paris,EUR,11.4,2025-08-22,11.4,144.0,1641.6,ARTE,SMART,11.2,CLOSE_TICKER,,,,,11.2,2025-08-28T21:16:08.735288,OK,ISIN:FR0012185536->ARTE@SMART,"POST_MARKET (fermeture à 17h30, il est 21:15)"
ARTMARKET COM,FR0000074783,PRC,Euronext Paris,EUR,4.33,2025-08-22,4.33,4224.0,18279.52,PRC,SMART,4.14,CLOSE_TICKER,,,,,4.14,2025-08-28T21:16:09.853773,OK,ISIN:FR0000074783->PRC@SMART,"POST_MARKET (fermeture à 17h30, il est 21:15)"
ARTOIS NOM.,FR0000076952,ARTO,Euronext Paris,EUR,9150.0,2025-08-22,9150,1.0,9150.0,ARTO,SMART,9150.0,CLOSE_TICKER,,,,,9150.0,2025-08-28T21:16:10.970742,OK,ISIN:FR0000076952->ARTO@SMART,"POST_MARKET (fermeture à 17h30, il est 21:15)"
ARVERNE GROUP,FR001400JWR8,ARVEN,Euronext Paris,EUR,5.35,2025-08-22,5.35,1288.0,6883.25,ARVEN,SMART,5.1,CLOSE_TICKER,,,,,5.1,2025-08-28T21:16:12.079650,OK,ISIN:FR001400JWR8->ARVEN@SMART,"POST_MARKET (fermeture à 17h30, il est 21:15)"
ARVERNE WARRANT,FR0014003AC4,ARVBS,Euronext Paris,EUR,0.05,2025-08-22,0.05,133110.0,6655.5,ARVBS,SMART,0.05,CLOSE_TICKER,,,,,0.05,2025-08-28T21:16:13.207282,OK,ISIN:FR0014003AC4->ARVBS@SMART,"POST_MARKET (fermeture à 17h30, il est 21:15)"
ASSYSTEM,FR0000074148,ASY,Euronext Paris,EUR,48.4,2025-08-22,48.4,4668.0,224962.9,ASY,SMART,46.1,CLOSE_TICKER,,,,,46.1,2025-08-28T21:16:14.320574,OK,ISIN:FR0000074148->ASY@SMART,"POST_MARKET (fermeture à 17h30, il est 21:15)"
ATEME,FR0011992700,ATEME,Euronext Paris,EUR,6.32,2025-08-22,6.32,1409.0,8871.66,ATEME,SMART,5.98,CLOSE_TICKER,,,,,5.98,2025-08-28T21:16:15.450804,OK,ISIN:FR0011992700->ATEME@SMART,"POST_MARKET (fermeture à 17h30, il est 21:15)"
ATLAND,FR0013455482,ATLD,Euronext Paris,EUR,44.9,2025-08-22,44.9,12.0,539.5,ATLD,SMART,44.3,CLOSE_TICKER,,,,,44.3,2025-08-28T21:16:16.470142,OK,ISIN:FR0013455482->ATLD@SMART,"POST_MARKET (fermeture à 17h30, il est 21:15)"
ATOS,FR001400X2S4,ATO,Euronext Paris,EUR,43.96,2025-08-22,43.96,228338.0,9927874.7425,ATO,SMART,45.165,CLOSE_TICKER,,,,,45.165,2025-08-28T21:16:17.587977,OK,ISIN:FR001400X2S4->ATO@SMART,"POST_MARKET (fermeture à 17h30, il est 21:15)"
AUBAY,FR0000063737,AUB,Euronext Paris,EUR,48.1,2025-08-22,48.1,2541.0,122168.7,AUB,SMART,46.0,CLOSE_TICKER,,,,,46.0,2025-08-28T21:16:18.702392,OK,ISIN:FR0000063737->AUB@SMART,"POST_MARKET (fermeture à 17h30, il est 21:15)"
AUGROS COSMETIC,FR0000061780,AUGR,Euronext Paris,EUR,6.0,2025-08-22,6,30.0,180.0,AUGR,SMART,5.55,CLOSE_TICKER,,,,,5.55,2025-08-28T21:16:19.817457,OK,ISIN:FR0000061780->AUGR@SMART,"POST_MARKET (fermeture à 17h30, il est 21:15)"
AUREA,FR0000039232,AURE,Euronext Paris,EUR,6.1,2025-08-22,6.1,726.0,4386.24,AURE,SMART,5.92,CLOSE_TICKER,,,,,5.92,2025-08-28T21:16:20.931252,OK,ISIN:FR0000039232->AURE@SMART,"POST_MARKET (fermeture à 17h30, il est 21:15)"
AVENIR TELECOM,FR001400CFI7,AVT,Euronext Paris,EUR,0.038,2025-08-22,0.038,23563.0,881.6342,AVT,SMART,0.036,CLOSE_TICKER,,,,,0.036,2025-08-28T21:16:21.954810,OK,ISIN:FR001400CFI7->AVT@SMART,"POST_MARKET (fermeture à 17h30, il est 21:15)"
AXA,FR0000120628,CS,Euronext Paris,EUR,42.59,2025-08-22,42.59,3068412.0,131149144.3,CS,SMART,39.92,CLOSE_TICKER,,,,,39.92,2025-08-28T21:16:22.972019,OK,ISIN:FR0000120628->CS@SMART,"POST_MARKET (fermeture à 17h30, il est 21:15)"
AYVENS,FR0013258662,AYV,Euronext Paris,EUR,10.08,2025-08-22,10.08,444911.0,4461160.76,AYV,SMART,9.83,CLOSE_TICKER,,,,,9.83,2025-08-28T21:16:24.094569,OK,ISIN:FR0013258662->AYV@SMART,"POST_MARKET (fermeture à 17h30, il est 21:15)"
BAINS MER MONACO,MC0000031187,BAIN,Euronext Paris,EUR,105.5,2025-08-22,105.5,196.0,20686.5,BAIN,SMART,105.5,CLOSE_TICKER,,,,,105.5,2025-08-28T21:16:25.211670,OK,ISIN:MC0000031187->BAIN@SMART,"POST_MARKET (fermeture à 17h30, il est 21:15)"
BALYO,FR0013258399,BALYO,Euronext Paris,EUR,0.388,2025-08-22,0.388,20182.0,7780.477,BALYO,SMART,0.388,CLOSE_TICKER,,,,,0.388,2025-08-28T21:16:26.325808,OK,ISIN:FR0013258399->BALYO@SMART,"POST_MARKET (fermeture à 17h30, il est 21:15)"
BARBARA BUI,FR0000062788,BUI,Euronext Paris,EUR,3.82,2025-08-22,3.82,2.0,7.64,BUI,SMART,3.82,CLOSE_TICKER,,,,,3.82,2025-08-28T21:16:27.440937,OK,ISIN:FR0000062788->BUI@SMART,"POST_MARKET (fermeture à 17h30, il est 21:15)"
BASSAC,FR0004023208,BASS,Euronext Paris,EUR,58.4,2025-08-22,58.4,83.0,4835.6,BASS,SMART,57.8,CLOSE_TICKER,,,,,57.8,2025-08-28T21:16:28.547794,OK,ISIN:FR0004023208->BASS@SMART,"POST_MARKET (fermeture à 17h30, il est 21:15)"
BASTIDE LE CONFORT,FR0000035370,BLC,Euronext Paris,EUR,28.4,2025-08-22,28.4,5120.0,143746.55,BLC,SMART,26.4,CLOSE_TICKER,,,,,26.4,2025-08-28T21:16:29.667522,OK,ISIN:FR0000035370->BLC@SMART,"POST_MARKET (fermeture à 17h30, il est 21:15)"
BENETEAU,FR0000035164,BEN,Euronext Paris,EUR,8.98,2025-08-22,8.98,168893.0,1513418.195,BEN,SMART,8.535,CLOSE_TICKER,,,,,8.535,2025-08-28T21:16:30.786692,OK,ISIN:FR0000035164->BEN@SMART,"POST_MARKET (fermeture à 17h30, il est 21:15)"
BIC,FR0000120966,BB,Euronext Paris,EUR,54.9,2025-08-22,54.9,44089.0,2420006.3,BB,SMART,53.8,CLOSE_TICKER,,,,,53.8,2025-08-28T21:16:31.908513,OK,ISIN:FR0000120966->BB@SMART,"POST_MARKET (fermeture à 17h30, il est 21:15)"
BIGBEN INTERACTIVE,FR0000074072,BIG,Euronext Paris,EUR,1.7,2025-08-22,1.7,145303.0,243204.484,BIG,SMART,1.46,CLOSE_TICKER,,,,,1.46,2025-08-28T21:16:32.940745,OK,ISIN:FR0000074072->BIG@SMART,"POST_MARKET (fermeture à 17h30, il est 21:15)"
BIOMERIEUX,FR0013280286,BIM,Euronext Paris,EUR,127.4,2025-08-22,127.4,67641.0,8606898.1,BIM,SMART,119.0,CLOSE_TICKER,,,,,119.0,2025-08-28T21:16:33.958765,OK,ISIN:FR0013280286->BIM@SMART,"POST_MARKET (fermeture à 17h30, il est 21:15)"
BIOSENIC,BE0974280126,BIOS,"Euronext Brussels, Paris",EUR,0.0026,2025-08-22,0.0026,4782913.0,12758.8843,BIOS,SMART,0.0028,CLOSE_TICKER,,,,,0.0028,2025-08-28T21:16:35.123319,OK,ISIN:BE0974280126->BIOS@SMART,"POST_MARKET (fermeture à 17h30, il est 21:15)"
BLEECKER,FR0000062150,BLEE,Euronext Paris,EUR,109.0,2025-08-22,109,20.0,2180.0,BLEE,SMART,109.0,CLOSE_TICKER,,,,,109.0,2025-08-28T21:16:36.244328,OK,ISIN:FR0000062150->BLEE@SMART,"POST_MARKET (fermeture à 17h30, il est 21:15)"
BNP PARIBAS ACT.A,FR0000131104,BNP,Euronext Paris,EUR,83.38,2025-08-22,83.38,1233531.0,102736637.565,BNP,SMART,76.53,CLOSE_TICKER,,,,,76.53,2025-08-28T21:16:37.362006,OK,ISIN:FR0000131104->BNP@SMART,"POST_MARKET (fermeture à 17h30, il est 21:15)"
BOIRON,FR0000061129,BOI,Euronext Paris,EUR,22.6,2025-08-22,22.6,9591.0,215240.05,BOI,SMART,21.15,CLOSE_TICKER,,,,,21.15,2025-08-28T21:16:38.473545,OK,ISIN:FR0000061129->BOI@SMART,"POST_MARKET (fermeture à 17h30, il est 21:15)"
BOLLORE,FR0000039299,BOL,Euronext Paris,EUR,5.1,2025-08-22,5.1,288052.0,1468158.13,BOL,SMART,5.025,CLOSE_TICKER,,,,,5.025,2025-08-28T21:16:39.583601,OK,ISIN:FR0000039299->BOL@SMART,"POST_MARKET (fermeture à 17h30, il est 21:15)"
BONDUELLE,FR0000063935,BON,Euronext Paris,EUR,8.29,2025-08-22,8.29,13590.0,112490.43,BON,SMART,8.09,CLOSE_TICKER,,,,,8.09,2025-08-28T21:16:40.707925,OK,ISIN:FR0000063935->BON@SMART,"POST_MARKET (fermeture à 17h30, il est 21:15)"
BOURSE DIRECT,FR0000074254,BSD,Euronext Paris,EUR,4.31,2025-08-22,4.31,3816.0,16391.31,BSD,SMART,4.27,CLOSE_TICKER,,,,,4.27,2025-08-28T21:16:41.722008,OK,ISIN:FR0000074254->BSD@SMART,"POST_MARKET (fermeture à 17h30, il est 21:15)"
BOUYGUES,FR0000120503,EN,Euronext Paris,EUR,38.71,2025-08-22,38.71,291479.0,11279767.785,EN,SMART,36.68,CLOSE_TICKER,,,,,36.68,2025-08-28T21:16:42.839821,OK,ISIN:FR0000120503->EN@SMART,"POST_MARKET (fermeture à 17h30, il est 21:15)"
BUREAU VERITAS,FR0006174348,BVI,Euronext Paris,EUR,27.22,2025-08-22,27.22,451316.0,12254388.54,BVI,SMART,26.06,CLOSE_TICKER,,,,,26.06,2025-08-28T21:16:43.956088,OK,ISIN:FR0006174348->BVI@SMART,"POST_MARKET (fermeture à 17h30, il est 21:15)"
BURELLE,FR0000061137,BUR,Euronext Paris,EUR,404.0,2025-08-22,404,132.0,53081.0,BUR1,SMART,380.0,CLOSE_TICKER,,,,,380.0,2025-08-28T21:16:45.062507,OK,ISIN:FR0000061137->BUR1@SMART,"POST_MARKET (fermeture à 17h30, il est 21:15)"
CA TOULOUSE 31 CCI,FR0000045544,CAT31,Euronext Paris,EUR,118.82,2025-08-22,118.82,936.0,109434.56,CAT31,SMART,118.98,CLOSE_TICKER,,,,,118.98,2025-08-28T21:16:46.177969,OK,ISIN:FR0000045544->CAT31@SMART,"POST_MARKET (fermeture à 17h30, il est 21:15)"
CAMBODGE NOM.,FR001400SUB7,CBDG,Euronext Paris,EUR,98.0,2025-08-22,98,75.0,7350.0,CBDG,SMART,98.5,CLOSE_TICKER,,,,,98.5,2025-08-28T21:16:47.289218,OK,ISIN:FR001400SUB7->CBDG@SMART,"POST_MARKET (fermeture à 17h30, il est 21:15)"
CAPGEMINI,FR0000125338,CAP,Euronext Paris,EUR,126.6,2025-08-22,126.6,327189.0,41325470.175,CAP,SMART,124.05,CLOSE_TICKER,,,,,124.05,2025-08-28T21:16:48.398988,OK,ISIN:FR0000125338->CAP@SMART,"POST_MARKET (fermeture à 17h30, il est 21:15)"
CARMILA,FR0010828137,CARM,Euronext Paris,EUR,17.96,2025-08-22,17.96,86961.0,1558376.82,CARM,SMART,17.24,CLOSE_TICKER,,,,,17.24,2025-08-28T21:16:49.512337,OK,ISIN:FR0010828137->CARM@SMART,"POST_MARKET (fermeture à 17h30, il est 21:15)"
CARREFOUR,FR0000120172,CA,Euronext Paris,EUR,13.065,2025-08-22,13.065,1137145.0,14872924.8075,CA,SMART,12.36,CLOSE_TICKER,,,,,12.36,2025-08-28T21:16:50.627988,OK,ISIN:FR0000120172->CA@SMART,"POST_MARKET (fermeture à 17h30, il est 21:15)"
CASINO BSA1,FR001400OJ72,COBS1,Euronext Paris,EUR,0.0155,2025-08-22,-,,,,,,,,,,,,,CONTRACT_NOT_FOUND,NOT_FOUND,"POST_MARKET (fermeture à 17h30, il est 21:15)"
CASINO BSA3,FR001400OJ98,COBS3,Euronext Paris,EUR,0.0005,2025-08-22,0.0005,5424.0,2.71,,,,,,,,,,,CONTRACT_NOT_FOUND,NOT_FOUND,"POST_MARKET (fermeture à 17h30, il est 21:15)"
CASINO GUICHARD,FR001400OKR3,CO,Euronext Paris,EUR,0.5925,2025-08-22,0.5925,514339.0,303499.188,CO,SMART,0.614,CLOSE_TICKER,,,,,0.614,2025-08-28T21:16:53.570077,OK,ISIN:FR001400OKR3->CO@SMART,"POST_MARKET (fermeture à 17h30, il est 21:15)"
CBO TERRITORIA,FR0010193979,CBOT,Euronext Paris,EUR,3.7,2025-08-22,3.7,3683.0,13661.21,CBOT,SMART,3.62,CLOSE_TICKER,,,,,3.62,2025-08-28T21:16:54.687592,OK,ISIN:FR0010193979->CBOT@SMART,"POST_MARKET (fermeture à 17h30, il est 21:15)"
CEGEDIM,FR0000053506,CGM,Euronext Paris,EUR,10.8,2025-08-22,10.8,10632.0,115131.45,CGM,SMART,10.65,CLOSE_TICKER,,,,,10.65,2025-08-28T21:16:55.802767,OK,ISIN:FR0000053506->CGM@SMART,"POST_MARKET (fermeture à 17h30, il est 21:15)"
CELYAD ONCOLOGY,BE0974260896,CYAD,"Euronext Brussels, Paris",EUR,0.399,2025-08-22,0.399,27846.0,10932.914,CYAD,SMART,0.33,CLOSE_TICKER,,,,,0.33,2025-08-28T21:16:56.982153,OK,ISIN:BE0974260896->CYAD@SMART,"POST_MARKET (fermeture à 17h30, il est 21:15)"
CFI,FR0000037475,CFI,Euronext Paris,EUR,1.76,2025-08-22,1.76,379.0,667.04,CFI,SMART,1.76,CLOSE_TICKER,,,,,1.76,2025-08-28T21:16:58.161653,OK,ISIN:FR0000037475->CFI@SMART,"POST_MARKET (fermeture à 17h30, il est 21:15)"
CHAUSSERIA,FR0000060907,CHSR,Euronext Paris,EUR,7.0,2025-08-22,7,2.0,14.0,CHSR1,SMART,7.0,CLOSE_TICKER,,,,,7.0,2025-08-28T21:16:59.273863,OK,ISIN:FR0000060907->CHSR1@SMART,"POST_MARKET (fermeture à 17h30, il est 21:15)"
CHRISTIAN DIOR,FR0000130403,CDI,Euronext Paris,EUR,473.0,2025-08-22,473,1444.0,680896.2,CDI,SMART,482.0,CLOSE_TICKER,,,,,482.0,2025-08-28T21:17:00.399930,OK,ISIN:FR0000130403->CDI@SMART,"POST_MARKET (fermeture à 17h30, il est 21:15)"
CIECHARGEURSINVEST,FR0000130692,CRI,Euronext Paris,EUR,11.18,2025-08-22,11.18,1074.0,12021.86,CRI,SMART,10.7,CLOSE_TICKER,,,,,10.7,2025-08-28T21:17:01.414737,OK,ISIN:FR0000130692->CRI@SMART,"POST_MARKET (fermeture à 17h30, il est 21:15)"
CLARANOVA,FR0013426004,CLA,Euronext Paris,EUR,1.874,2025-08-22,1.874,79418.0,148433.896,CLA,SMART,1.782,CLOSE_TICKER,,,,,1.782,2025-08-28T21:17:02.529481,OK,ISIN:FR0013426004->CLA@SMART,"POST_MARKET (fermeture à 17h30, il est 21:15)"
CLARIANE,FR0010386334,CLARI,Euronext Paris,EUR,4.852,2025-08-22,4.852,510837.0,2452303.561,CLARI,SMART,4.406,CLOSE_TICKER,,,,,4.406,2025-08-28T21:17:03.659868,OK,ISIN:FR0010386334->CLARI@SMART,"POST_MARKET (fermeture à 17h30, il est 21:15)"
COFACE,FR0010667147,COFA,Euronext Paris,EUR,16.78,2025-08-22,16.78,83352.0,1400821.41,COFA,SMART,16.11,CLOSE_TICKER,,,,,16.11,2025-08-28T21:17:04.774994,OK,ISIN:FR0010667147->COFA@SMART,"POST_MARKET (fermeture à 17h30, il est 21:15)"
COHERIS,FR0004031763,COH,Euronext Paris,EUR,8.36,2025-08-22,8.36,100.0,836.0,COH1,SMART,8.5,CLOSE_TICKER,,,,,8.5,2025-08-28T21:17:05.892190,OK,ISIN:FR0004031763->COH1@SMART,"POST_MARKET (fermeture à 17h30, il est 21:15)"
COMPAGNIE ODET,FR0000062234,ODET,Euronext Paris,EUR,1460.0,2025-08-22,1460,142.0,207571.0,ODET,SMART,1480.0,CLOSE_TICKER,,,,,1480.0,2025-08-28T21:17:07.008541,OK,ISIN:FR0000062234->ODET@SMART,"POST_MARKET (fermeture à 17h30, il est 21:15)"
COTY,US2220702037,COTY,Euronext Paris,EUR,3.3615,2025-08-22,3.3615,12872.0,42849.972,CO3A,SMART,3.561,CLOSE_TICKER,,,,,3.561,2025-08-28T21:17:08.125280,OK,ISIN:US2220702037->CO3A@SMART,"POST_MARKET (fermeture à 17h30, il est 21:15)"
COURTOIS,FR0000065393,COUR,Euronext Paris,EUR,121.0,2025-08-22,121,1.0,121.0,COUR,SMART,121.0,CLOSE_TICKER,,,,,121.0,2025-08-28T21:17:09.255667,OK,ISIN:FR0000065393->COUR@SMART,"POST_MARKET (fermeture à 17h30, il est 21:15)"
COVIVIO,FR0000064578,COV,Euronext Paris,EUR,59.3,2025-08-22,59.3,78240.0,4629868.75,COV,SMART,56.3,CLOSE_TICKER,,,,,56.3,2025-08-28T21:17:10.371998,OK,ISIN:FR0000064578->COV@SMART,"POST_MARKET (fermeture à 17h30, il est 21:15)"
COVIVIO HOTELS,FR0000060303,COVH,Euronext Paris,EUR,23.6,2025-08-22,23.6,167.0,3926.8,COVH,SMART,23.0,CLOSE_TICKER,,,,,23.0,2025-08-28T21:17:11.487395,OK,ISIN:FR0000060303->COVH@SMART,"POST_MARKET (fermeture à 17h30, il est 21:15)"
CRCAM ALP.PROV.CCI,FR0000044323,CRAP,Euronext Paris,EUR,153.0,2025-08-22,153,1296.0,195959.1,CRAP,SMART,139.0,CLOSE_TICKER,,,,,139.0,2025-08-28T21:17:12.603595,OK,ISIN:FR0000044323->CRAP@SMART,"POST_MARKET (fermeture à 17h30, il est 21:15)"
CRCAM ATL.VEND.CCI,FR0000185506,CRAV,Euronext Paris,EUR,148.0,2025-08-22,148,1007.0,147212.7,CRAV,SMART,140.38,CLOSE_TICKER,,,,,140.38,2025-08-28T21:17:13.718827,OK,ISIN:FR0000185506->CRAV@SMART,"POST_MARKET (fermeture à 17h30, il est 21:15)"
CRCAM BRIE PIC2CCI,FR0010483768,CRBP2,Euronext Paris,EUR,26.945,2025-08-22,26.945,13112.0,354115.39,CRBP2,SMART,26.1,CLOSE_TICKER,,,,,26.1,2025-08-28T21:17:14.843789,OK,ISIN:FR0010483768->CRBP2@SMART,"POST_MARKET (fermeture à 17h30, il est 21:15)"
CRCAM ILLE-VIL.CCI,FR0000045213,CIV,Euronext Paris,EUR,112.0,2025-08-22,112,1252.0,134379.72,CIV,SMART,112.0,CLOSE_TICKER,,,,,112.0,2025-08-28T21:17:15.953082,OK,ISIN:FR0000045213->CIV@SMART,"POST_MARKET (fermeture à 17h30, il est 21:15)"
CRCAM LANGUED CCI,FR0010461053,CRLA,Euronext Paris,EUR,86.35,2025-08-22,86.35,1515.0,131251.8,CRLA,SMART,85.0,CLOSE_TICKER,,,,,85.0,2025-08-28T21:17:17.070377,OK,ISIN:FR0010461053->CRLA@SMART,"POST_MARKET (fermeture à 17h30, il est 21:15)"
CRCAM LOIRE HTE L.,FR0000045239,CRLO,Euronext Paris,EUR,103.5,2025-08-22,103.5,512.0,52970.5,CRLO,SMART,101.0,CLOSE_TICKER,,,,,101.0,2025-08-28T21:17:18.187934,OK,ISIN:FR0000045239->CRLO@SMART,"POST_MARKET (fermeture à 17h30, il est 21:15)"
CRCAM MORBIHAN CCI,FR0000045551,CMO,Euronext Paris,EUR,107.48,2025-08-22,107.48,1148.0,121006.78,CMO,SMART,107.0,CLOSE_TICKER,,,,,107.0,2025-08-28T21:17:19.302898,OK,ISIN:FR0000045551->CMO@SMART,"POST_MARKET (fermeture à 17h30, il est 21:15)"
CRCAM NORD CCI,FR0000185514,CNDF,Euronext Paris,EUR,24.095,2025-08-22,24.095,35321.0,841128.08,CNDF,SMART,23.175,CLOSE_TICKER,,,,,23.175,2025-08-28T21:17:20.419548,OK,ISIN:FR0000185514->CNDF@SMART,"POST_MARKET (fermeture à 17h30, il est 21:15)"
CRCAM NORM.SEINE,FR0000044364,CCN,Euronext Paris,EUR,134.5,2025-08-22,134.5,561.0,75330.18,CCN,SMART,128.2,CLOSE_TICKER,,,,,128.2,2025-08-28T21:17:21.549977,OK,ISIN:FR0000044364->CCN@SMART,"POST_MARKET (fermeture à 17h30, il est 21:15)"
CRCAM PARIS ET IDF,FR0000045528,CAF,Euronext Paris,EUR,93.92,2025-08-22,93.92,2513.0,237065.24,CAF1,SMART,97.0,CLOSE_TICKER,,,,,97.0,2025-08-28T21:17:22.661215,OK,ISIN:FR0000045528->CAF1@SMART,"POST_MARKET (fermeture à 17h30, il est 21:15)"
CRCAM SUD R.A.CCI,FR0000045346,CRSU,Euronext Paris,EUR,213.0,2025-08-22,213,354.0,74169.55,CRSU,SMART,220.0,CLOSE_TICKER,,,,,220.0,2025-08-28T21:17:23.775091,OK,ISIN:FR0000045346->CRSU@SMART,"POST_MARKET (fermeture à 17h30, il est 21:15)"
CRCAM TOURAINE CCI,FR0000045304,CRTO,Euronext Paris,EUR,134.4,2025-08-22,134.4,546.0,72209.78,CRTO,SMART,123.0,CLOSE_TICKER,,,,,123.0,2025-08-28T21:17:24.791355,OK,ISIN:FR0000045304->CRTO@SMART,"POST_MARKET (fermeture à 17h30, il est 21:15)"
CREDIT AGRICOLE,FR0000045072,ACA,Euronext Paris,EUR,17.055,2025-08-22,17.055,2455825.0,41822092.8,ACA,SMART,15.56,CLOSE_TICKER,,,,,15.56,2025-08-28T21:17:25.906442,OK,ISIN:FR0000045072->ACA@SMART,"POST_MARKET (fermeture à 17h30, il est 21:15)"
CROSSWOOD,FR0000050395,CROS,Euronext Paris,EUR,10.7,2025-08-22,10.7,20.0,214.0,CROS,SMART,10.7,CLOSE_TICKER,,,,,10.7,2025-08-28T21:17:27.176506,OK,ISIN:FR0000050395->CROS@SMART,"POST_MARKET (fermeture à 17h30, il est 21:15)"
DANONE,FR0000120644,BN,Euronext Paris,EUR,73.24,2025-08-22,73.24,569388.0,41782550.46,BN,SMART,71.72,CLOSE_TICKER,,,,,71.72,2025-08-28T21:17:28.412961,OK,ISIN:FR0000120644->BN@SMART,"POST_MARKET (fermeture à 17h30, il est 21:15)"
DASSAULT AVIATION,FR0014004L86,AM,Euronext Paris,EUR,273.6,2025-08-22,273.6,33924.0,9296646.0,AM,SMART,272.4,CLOSE_TICKER,,,,,272.4,2025-08-28T21:17:29.732124,OK,ISIN:FR0014004L86->AM@SMART,"POST_MARKET (fermeture à 17h30, il est 21:15)"
DASSAULT SYSTEMES,FR0014003TT8,DSY,Euronext Paris,EUR,27.13,2025-08-22,27.13,945073.0,25608945.64,DSY,SMART,26.84,CLOSE_TICKER,,,,,26.84,2025-08-28T21:17:31.102539,OK,ISIN:FR0014003TT8->DSY@SMART,"POST_MARKET (fermeture à 17h30, il est 21:15)"
DBV TECHNOLOGIES,FR0010417345,DBV,Euronext Paris,EUR,1.712,2025-08-22,1.712,390320.0,678210.656,DBV,SMART,1.582,CLOSE_TICKER,,,,,1.582,2025-08-28T21:17:32.454457,OK,ISIN:FR0010417345->DBV@SMART,"POST_MARKET (fermeture à 17h30, il est 21:15)"
DEEZER,FR001400AYG6,DEEZR,Euronext Paris,EUR,1.19,2025-08-22,1.19,6762.0,8063.17,DEEZR,SMART,1.185,CLOSE_TICKER,,,,,1.185,2025-08-28T21:17:33.713569,OK,ISIN:FR001400AYG6->DEEZR@SMART,"POST_MARKET (fermeture à 17h30, il est 21:15)"
DEEZER WARRANTS,FR0014004JF6,DEEZW,Euronext Paris,EUR,0.0005,2025-08-22,0.0005,2.0,,,,,,,,,,,,CONTRACT_NOT_FOUND,NOT_FOUND,"POST_MARKET (fermeture à 17h30, il est 21:15)"
DEKUPLE,FR0000062978,DKUPL,Euronext Paris,EUR,28.6,2025-08-22,28.6,45.0,1287.4,DKUPL,SMART,28.2,CLOSE_TICKER,,,,,28.2,2025-08-28T21:17:35.762028,OK,ISIN:FR0000062978->DKUPL@SMART,"POST_MARKET (fermeture à 17h30, il est 21:15)"
DERICHEBOURG,FR0000053381,DBG,Euronext Paris,EUR,6.225,2025-08-22,6.225,105978.0,656442.035,DBG,SMART,5.92,CLOSE_TICKER,,,,,5.92,2025-08-28T21:17:37.018243,OK,ISIN:FR0000053381->DBG@SMART,"POST_MARKET (fermeture à 17h30, il est 21:15)"
DOCK.PETR.AMBES AM,FR0000065260,DPAM,Euronext Paris,EUR,975.0,2025-08-22,975,7.0,6825.0,DPAM,SMART,935.0,CLOSE_TICKER,,,,,935.0,2025-08-28T21:17:38.338984,OK,ISIN:FR0000065260->DPAM@SMART,"POST_MARKET (fermeture à 17h30, il est 21:15)"
EAGLEFOOTBALLGROUP,FR0010428771,EFG,Euronext Paris,EUR,1.9,2025-08-22,1.9,676.0,1281.18,EFG,SMART,1.9,CLOSE_TICKER,,,,,1.9,2025-08-28T21:17:39.655013,OK,ISIN:FR0010428771->EFG@SMART,"POST_MARKET (fermeture à 17h30, il est 21:15)"
EDENRED,FR0010908533,EDEN,Euronext Paris,EUR,26.73,2025-08-22,26.73,310526.0,8275983.915,EDEN,SMART,24.9,CLOSE_TICKER,,,,,24.9,2025-08-28T21:17:40.877765,OK,ISIN:FR0010908533->EDEN@SMART,"POST_MARKET (fermeture à 17h30, il est 21:15)"
EIFFAGE,FR0000130452,FGR,Euronext Paris,EUR,125.9,2025-08-22,125.9,99677.0,12541144.2,FGR,SMART,109.75,CLOSE_TICKER,,,,,109.75,2025-08-28T21:17:42.232216,OK,ISIN:FR0000130452->FGR@SMART,"POST_MARKET (fermeture à 17h30, il est 21:15)"
EKINOPS,FR0011466069,EKI,Euronext Paris,EUR,3.47,2025-08-22,3.47,56569.0,190479.32,EKI,SMART,3.21,CLOSE_TICKER,,,,,3.21,2025-08-28T21:17:43.508376,OK,ISIN:FR0011466069->EKI@SMART,"POST_MARKET (fermeture à 17h30, il est 21:15)"
ELEC.STRASBOURG,FR0000031023,ELEC,Euronext Paris,EUR,162.5,2025-08-22,162.5,848.0,138769.0,ELEC,SMART,154.5,CLOSE_TICKER,,,,,154.5,2025-08-28T21:17:44.778878,OK,ISIN:FR0000031023->ELEC@SMART,"POST_MARKET (fermeture à 17h30, il est 21:15)"
ELECT. MADAGASCAR,FR0000035719,EEM,Euronext Paris,EUR,3.02,2025-08-22,3.02,689.0,2080.78,EEM,SMART,3.4,CLOSE_TICKER,,,,,3.4,2025-08-28T21:17:46.003766,OK,ISIN:FR0000035719->EEM@SMART,"POST_MARKET (fermeture à 17h30, il est 21:15)"
ELIOR GROUP,FR0011950732,ELIOR,Euronext Paris,EUR,2.722,2025-08-22,2.722,412019.0,1115708.732,ELIOR,SMART,2.532,CLOSE_TICKER,,,,,2.532,2025-08-28T21:17:47.308871,OK,ISIN:FR0011950732->ELIOR@SMART,"POST_MARKET (fermeture à 17h30, il est 21:15)"
ELIS,FR0012435121,ELIS,Euronext Paris,EUR,25.52,2025-08-22,25.52,133214.0,3394611.48,ELIS,SMART,23.48,CLOSE_TICKER,,,,,23.48,2025-08-28T21:17:48.656832,OK,ISIN:FR0012435121->ELIS@SMART,"POST_MARKET (fermeture à 17h30, il est 21:15)"
EMEIS,FR001400NLM4,EMEIS,Euronext Paris,EUR,14.97,2025-08-22,14.97,510881.0,7645900.22,EMEIS,SMART,12.77,CLOSE_TICKER,,,,,12.77,2025-08-28T21:17:49.964817,OK,ISIN:FR001400NLM4->EMEIS@SMART,"POST_MARKET (fermeture à 17h30, il est 21:15)"
ENGIE,FR0010208488,ENGI,"Euronext Paris, Brussels",EUR,18.77,2025-08-22,18.77,2816030.0,52951135.975,ENGI,SMART,17.86,CLOSE_TICKER,,,,,17.86,2025-08-28T21:17:51.382172,OK,ISIN:FR0010208488->ENGI@SMART,"POST_MARKET (fermeture à 17h30, il est 21:15)"
EQUASENS,FR0012882389,EQS,Euronext Paris,EUR,49.25,2025-08-22,49.25,4481.0,219541.05,EQS,SMART,46.35,CLOSE_TICKER,,,,,46.35,2025-08-28T21:17:52.594986,OK,ISIN:FR0012882389->EQS@SMART,"POST_MARKET (fermeture à 17h30, il est 21:15)"
ERAMET,FR0000131757,ERA,Euronext Paris,EUR,52.05,2025-08-22,52.05,16091.0,833873.3,ERA,SMART,50.5,CLOSE_TICKER,,,,,50.5,2025-08-28T21:17:53.967051,OK,ISIN:FR0000131757->ERA@SMART,"POST_MARKET (fermeture à 17h30, il est 21:15)"
ESSILORLUXOTTICA,FR0000121667,EL,Euronext Paris,EUR,272.0,2025-08-22,272,255738.0,69537812.9,EL,SMART,266.5,CLOSE_TICKER,,,,,266.5,2025-08-28T21:17:55.373929,OK,ISIN:FR0000121667->EL@SMART,"POST_MARKET (fermeture à 17h30, il est 21:15)"
ESSO,FR0000120669,ES,Euronext Paris,EUR,98.55,2025-08-22,98.55,4902.0,481892.55,ES,SMART,98.0,CLOSE_TICKER,,,,,98.0,2025-08-28T21:17:56.684753,OK,ISIN:FR0000120669->ES@SMART,"POST_MARKET (fermeture à 17h30, il est 21:15)"
EURASIA FONC INV,FR0000061475,EFI,Euronext Paris,EUR,0.192,2025-08-22,0.192,32.0,6.14,EFI,SMART,0.192,CLOSE_TICKER,,,,,0.192,2025-08-28T21:17:57.990811,OK,ISIN:FR0000061475->EFI@SMART,"POST_MARKET (fermeture à 17h30, il est 21:15)"
EURAZEO,FR0000121121,RF,Euronext Paris,EUR,57.35,2025-08-22,57.35,148366.0,8468754.775,RF,SMART,55.1,CLOSE_TICKER,,,,,55.1,2025-08-28T21:17:59.348637,OK,ISIN:FR0000121121->RF@SMART,"POST_MARKET (fermeture à 17h30, il est 21:15)"
EUROAPI,FR0014008VX5,EAPI,Euronext Paris,EUR,3.3,2025-08-22,3.3,280908.0,927491.762,EAPI,SMART,3.08,CLOSE_TICKER,,,,,3.08,2025-08-28T21:18:00.757444,OK,ISIN:FR0014008VX5->EAPI@SMART,"POST_MARKET (fermeture à 17h30, il est 21:15)"
EUROFINS SCIENT.,FR0014000MR3,ERF,Euronext Paris,EUR,68.36,2025-08-22,68.36,122126.0,8339347.69,ERF,SMART,65.16,CLOSE_TICKER,,,,,65.16,2025-08-28T21:18:02.063355,OK,ISIN:FR0014000MR3->ERF@SMART,"POST_MARKET (fermeture à 17h30, il est 21:15)"
EURONEXT,NL0006294274,ENX,"Euronext Paris, Amsterdam, Brussels",EUR,143.0,2025-08-22,143,114122.0,16349837.6,ENX,SMART,142.6,CLOSE_TICKER,,,,,142.6,2025-08-28T21:18:03.424198,OK,ISIN:NL0006294274->ENX@SMART,"POST_MARKET (fermeture à 17h30, il est 21:15)"
EUTELSAT COMMUNIC.,FR0010221234,ETL,Euronext Paris,EUR,3.255,2025-08-22,3.255,1076679.0,3447464.32,ETL,SMART,3.12,CLOSE_TICKER,,,,,3.12,2025-08-28T21:18:04.755403,OK,ISIN:FR0010221234->ETL@SMART,"POST_MARKET (fermeture à 17h30, il est 21:15)"
EVERGREEN,FR0000035784,EGR,Euronext Paris,EUR,0.33,2025-08-22,0.33,17001.0,5762.1,EGR,SMART,0.33,CLOSE_TICKER,,,,,0.33,2025-08-28T21:18:06.025467,OK,ISIN:FR0000035784->EGR@SMART,"POST_MARKET (fermeture à 17h30, il est 21:15)"
EXAIL TECHNOLOGIES,FR0000062671,EXA,Euronext Paris,EUR,115.4,2025-08-22,115.4,40065.0,4567286.8,EXA,SMART,108.4,CLOSE_TICKER,,,,,108.4,2025-08-28T21:18:07.340757,OK,ISIN:FR0000062671->EXA@SMART,"POST_MARKET (fermeture à 17h30, il est 21:15)"
EXEL INDUSTRIES,FR0004527638,EXE,Euronext Paris,EUR,37.8,2025-08-22,37.8,594.0,22454.7,EXE,SMART,39.8,CLOSE_TICKER,,,,,39.8,2025-08-28T21:18:08.664663,OK,ISIN:FR0004527638->EXE@SMART,"POST_MARKET (fermeture à 17h30, il est 21:15)"
EXOSENS,FR001400Q9V2,EXENS,Euronext Paris,EUR,40.1,2025-08-22,40.1,51924.0,2076435.25,EXENS,SMART,39.35,CLOSE_TICKER,,,,,39.35,2025-08-28T21:18:09.945634,OK,ISIN:FR001400Q9V2->EXENS@SMART,"POST_MARKET (fermeture à 17h30, il est 21:15)"
EXPLOSIFS PROD.CHI,FR0014003AQ4,EXPL,Euronext Paris,EUR,193.5,2025-08-22,193.5,4.0,774.5,EXPL,SMART,193.0,CLOSE_TICKER,,,,,193.0,2025-08-28T21:18:11.262214,OK,ISIN:FR0014003AQ4->EXPL@SMART,"POST_MARKET (fermeture à 17h30, il est 21:15)"
FDJ UNITED,FR0013451333,FDJU,Euronext Paris,EUR,28.5,2025-08-22,28.5,298617.0,8506897.42,FDJU,SMART,27.8,CLOSE_TICKER,,,,,27.8,2025-08-28T21:18:13.659542,OK,ISIN:FR0013451333->FDJU@SMART,"POST_MARKET (fermeture à 17h30, il est 21:15)"
FERM.CAS.MUN.CANNE,FR0000062101,FCMC,Euronext Paris,EUR,1500.0,2025-08-22,1500,7.0,10500.0,FCMC,SMART,1500.0,CLOSE_TICKER,,,,,1500.0,2025-08-28T21:18:14.892975,OK,ISIN:FR0000062101->FCMC@SMART,"POST_MARKET (fermeture à 17h30, il est 21:15)"
FIDUCIAL OFF.SOL.,FR0000061418,SACI,Euronext Paris,EUR,26.6,2025-08-22,26.6,1.0,26.6,SACI,SMART,26.6,CLOSE_TICKER,,,,,26.6,2025-08-28T21:18:16.211993,OK,ISIN:FR0000061418->SACI@SMART,"POST_MARKET (fermeture à 17h30, il est 21:15)"
FIDUCIAL REAL EST.,FR0000060535,ORIA,Euronext Paris,EUR,170.0,2025-08-22,170,36.0,6119.0,ORIA,SMART,172.0,CLOSE_TICKER,,,,,172.0,2025-08-28T21:18:17.527930,OK,ISIN:FR0000060535->ORIA@SMART,"POST_MARKET (fermeture à 17h30, il est 21:15)"
FIGEAC AERO,FR0011665280,FGA,Euronext Paris,EUR,10.8,2025-08-22,10.8,22678.0,242948.0,FGA,SMART,10.05,CLOSE_TICKER,,,,,10.05,2025-08-28T21:18:18.851483,OK,ISIN:FR0011665280->FGA@SMART,"POST_MARKET (fermeture à 17h30, il est 21:15)"
FIN.OUEST AFRICAIN,SN0000033192,FOAF,Euronext Paris,EUR,15.0,2025-08-22,15,20.0,300.0,FOAF,SMART,13.5,CLOSE_TICKER,,,,,13.5,2025-08-28T21:18:20.112251,OK,ISIN:SN0000033192->FOAF@SMART,"POST_MARKET (fermeture à 17h30, il est 21:15)"
FINANCIERE MARJOS,FR0000060824,FINM,Euronext Paris,EUR,0.19,2025-08-22,0.19,5719.0,1086.61,FINM,SMART,0.19,CLOSE_TICKER,,,,,0.19,2025-08-28T21:18:21.337074,OK,ISIN:FR0000060824->FINM@SMART,"POST_MARKET (fermeture à 17h30, il est 21:15)"
FIPP,FR0000038184,FIPP,Euronext Paris,EUR,0.115,2025-08-22,0.115,2000.0,230.575,FIPP,SMART,0.125,CLOSE_TICKER,,,,,0.125,2025-08-28T21:18:22.685144,OK,ISIN:FR0000038184->FIPP@SMART,"POST_MARKET (fermeture à 17h30, il est 21:15)"
FNAC DARTY,FR0011476928,FNAC,Euronext Paris,EUR,30.7,2025-08-22,30.7,13993.0,429349.15,FNAC,SMART,29.1,CLOSE_TICKER,,,,,29.1,2025-08-28T21:18:23.960336,OK,ISIN:FR0011476928->FNAC@SMART,"POST_MARKET (fermeture à 17h30, il est 21:15)"
FONCIERE 7 INVEST,FR0000065930,LEBL,Euronext Paris,EUR,0.38,2025-08-22,0.38,100.0,38.0,LEBL,SMART,0.38,CLOSE_TICKER,,,,,0.38,2025-08-28T21:18:25.280962,OK,ISIN:FR0000065930->LEBL@SMART,"POST_MARKET (fermeture à 17h30, il est 21:15)"
FONCIERE INEA,FR0010341032,INEA,Euronext Paris,EUR,34.0,2025-08-22,34,48.0,1627.5,INEA,SMART,33.0,CLOSE_TICKER,,,,,33.0,2025-08-28T21:18:26.596764,OK,ISIN:FR0010341032->INEA@SMART,"POST_MARKET (fermeture à 17h30, il est 21:15)"
FONCIERE LYONNAISE,FR0000033409,FLY,Euronext Paris,EUR,74.0,2025-08-22,74,4.0,296.0,FLY,SMART,73.6,CLOSE_TICKER,,,,,73.6,2025-08-28T21:18:27.929733,OK,ISIN:FR0000033409->FLY@SMART,"POST_MARKET (fermeture à 17h30, il est 21:15)"
FONCIERE VOLTA,FR0000053944,SPEL,Euronext Paris,EUR,9.85,2025-08-22,9.85,44.0,433.4,SPEL,SMART,9.85,CLOSE_TICKER,,,,,9.85,2025-08-28T21:18:29.249728,OK,ISIN:FR0000053944->SPEL@SMART,"POST_MARKET (fermeture à 17h30, il est 21:15)"
FORESTIERE EQUAT.,CI0000053161,FORE,Euronext Paris,EUR,770.0,2025-08-22,770,8.0,6160.0,FORE,SMART,765.0,CLOSE_TICKER,,,,,765.0,2025-08-28T21:18:30.648364,OK,ISIN:CI0000053161->FORE@SMART,"POST_MARKET (fermeture à 17h30, il est 21:15)"
FORSEE POWER,FR0014005SB3,FORSE,Euronext Paris,EUR,0.3965,2025-08-22,0.3965,34930.0,13895.496,FORSE,SMART,0.399,CLOSE_TICKER,,,,,0.399,2025-08-28T21:18:32.017848,OK,ISIN:FR0014005SB3->FORSE@SMART,"POST_MARKET (fermeture à 17h30, il est 21:15)"
FORVIA,FR0000121147,FRVIA,Euronext Paris,EUR,11.865,2025-08-22,11.865,612015.0,7223651.29,FRVIA,SMART,11.08,CLOSE_TICKER,,,,,11.08,2025-08-28T21:18:33.450038,OK,ISIN:FR0000121147->FRVIA@SMART,"POST_MARKET (fermeture à 17h30, il est 21:15)"
FRANCAISE ENERGIE,FR0013030152,FDE,Euronext Paris,EUR,31.3,2025-08-22,31.3,2097.0,65351.2,FDE,SMART,28.8,CLOSE_TICKER,,,,,28.8,2025-08-28T21:18:34.800011,OK,ISIN:FR0013030152->FDE@SMART,"POST_MARKET (fermeture à 17h30, il est 21:15)"
FREY,FR0010588079,FREY,Euronext Paris,EUR,29.4,2025-08-22,29.4,166.0,4880.4,FREY,SMART,29.4,CLOSE_TICKER,,,,,29.4,2025-08-28T21:18:36.116352,OK,ISIN:FR0010588079->FREY@SMART,"POST_MARKET (fermeture à 17h30, il est 21:15)"
FSDV,FR0000031973,FSDV,Euronext Paris,EUR,16.0,2025-08-22,16,394.0,6304.0,FSDV,SMART,16.0,CLOSE_TICKER,,,,,16.0,2025-08-28T21:18:37.451059,OK,ISIN:FR0000031973->FSDV@SMART,"POST_MARKET (fermeture à 17h30, il est 21:15)"
GAUMONT,FR0000034894,GAM,Euronext Paris,EUR,80.0,2025-08-22,80,119.0,9520.0,GAM1,SMART,81.0,CLOSE_TICKER,,,,,81.0,2025-08-28T21:18:38.817076,OK,ISIN:FR0000034894->GAM1@SMART,"POST_MARKET (fermeture à 17h30, il est 21:15)"
GEA GRENOBL.ELECT.,FR0000053035,GEA,Euronext Paris,EUR,86.5,2025-08-22,86.5,6.0,518.0,GEA,SMART,86.5,CLOSE_TICKER,,,,,86.5,2025-08-28T21:18:40.134251,OK,ISIN:FR0000053035->GEA@SMART,"POST_MARKET (fermeture à 17h30, il est 21:15)"
GECINA,FR0010040865,GFC,Euronext Paris,EUR,87.65,2025-08-22,87.65,84783.0,7400379.1,GFC,SMART,83.98,HISTORICAL,,,,,83.98,2025-08-28T21:18:41.999296,OK,ISIN:FR0010040865->GFC@SMART,"POST_MARKET (fermeture à 17h30, il est 21:15)"
GENEURO,CH0308403085,GNRO,Euronext Paris,EUR,0.036,2025-08-22,0.036,20005.0,652.18,GNRO,SMART,0.0314,CLOSE_TICKER,,,,,0.0314,2025-08-28T21:18:43.315748,OK,ISIN:CH0308403085->GNRO@SMART,"POST_MARKET (fermeture à 17h30, il est 21:15)"
GENFIT,FR0004163111,GNFT,Euronext Paris,EUR,3.786,2025-08-22,3.786,91418.0,345673.196,GNFT,SMART,3.528,CLOSE_TICKER,,,,,3.528,2025-08-28T21:18:44.634698,OK,ISIN:FR0004163111->GNFT@SMART,"POST_MARKET (fermeture à 17h30, il est 21:15)"
GENSIGHT BIOLOGICS,FR0013183985,SIGHT,Euronext Paris,EUR,0.164,2025-08-22,0.164,72175.0,11867.8912,SIGHT,SMART,0.164,CLOSE_TICKER,,,,,0.164,2025-08-28T21:18:46.046285,OK,ISIN:FR0013183985->SIGHT@SMART,"POST_MARKET (fermeture à 17h30, il est 21:15)"
GETLINK SE,FR0010533075,GET,Euronext Paris,EUR,17.05,2025-08-22,17.05,292654.0,4994548.64,GET,SMART,16.29,CLOSE_TICKER,,,,,16.29,2025-08-28T21:18:47.283511,OK,ISIN:FR0010533075->GET@SMART,"POST_MARKET (fermeture à 17h30, il est 21:15)"
GL EVENTS,FR0000066672,GLO,Euronext Paris,EUR,33.85,2025-08-22,33.85,22730.0,760656.6,GLO,SMART,31.05,CLOSE_TICKER,,,,,31.05,2025-08-28T21:18:48.587165,OK,ISIN:FR0000066672->GLO@SMART,"POST_MARKET (fermeture à 17h30, il est 21:15)"
GPE GROUP PIZZORNO,FR0010214064,GPE,Euronext Paris,EUR,61.2,2025-08-22,61.2,1.0,61.2,GPE1,SMART,60.0,CLOSE_TICKER,,,,,60.0,2025-08-28T21:18:49.962739,OK,ISIN:FR0010214064->GPE1@SMART,"POST_MARKET (fermeture à 17h30, il est 21:15)"
GRAINES VOLTZ,FR0000065971,GRVO,Euronext Paris,EUR,22.0,2025-08-22,22,3952.0,86618.9,GRVO,SMART,21.0,CLOSE_TICKER,,,,,21.0,2025-08-28T21:18:51.186464,OK,ISIN:FR0000065971->GRVO@SMART,"POST_MARKET (fermeture à 17h30, il est 21:15)"
GROUPE CRIT,FR0000036675,CEN,Euronext Paris,EUR,63.0,2025-08-22,63,945.0,59519.0,CEN,SMART,62.4,CLOSE_TICKER,,,,,62.4,2025-08-28T21:18:52.514589,OK,ISIN:FR0000036675->CEN@SMART,"POST_MARKET (fermeture à 17h30, il est 21:15)"
GROUPE ETPO,FR0000066219,INFE,Euronext Paris,EUR,71.0,2025-08-22,71,8.0,568.0,INFE.OLD,,,NO_DATA,,,,,,,NO_PRICE_DATA,NAME:GROUPE ETPO->INFE.OLD@,"POST_MARKET (fermeture à 17h30, il est 21:15)"
GROUPE JAJ,FR0004010338,GJAJ,Euronext Paris,EUR,1.17,2025-08-22,1.17,15887.0,18587.79,GJAJ,SMART,1.17,CLOSE_TICKER,,,,,1.17,2025-08-28T21:18:55.615638,OK,ISIN:FR0004010338->GJAJ@SMART,"POST_MARKET (fermeture à 17h30, il est 21:15)"
GROUPE PARTOUCHE,FR0012612646,PARP,Euronext Paris,EUR,19.75,2025-08-22,19.75,556.0,11051.0,PARP,SMART,19.0,CLOSE_TICKER,,,,,19.0,2025-08-28T21:18:56.892914,OK,ISIN:FR0012612646->PARP@SMART,"POST_MARKET (fermeture à 17h30, il est 21:15)"
GROUPE SFPI,FR0004155000,SFPI,Euronext Paris,EUR,2.39,2025-08-22,2.39,1780.0,4246.39,SFPI,SMART,2.3,CLOSE_TICKER,,,,,2.3,2025-08-28T21:18:58.165373,OK,ISIN:FR0004155000->SFPI@SMART,"POST_MARKET (fermeture à 17h30, il est 21:15)"
GTT,FR0011726835,GTT,Euronext Paris,EUR,158.5,2025-08-22,158.5,35960.0,5714959.0,GTT,SMART,156.8,CLOSE_TICKER,,,,,156.8,2025-08-28T21:18:59.569635,OK,ISIN:FR0011726835->GTT@SMART,"POST_MARKET (fermeture à 17h30, il est 21:15)"
GUERBET,FR0000032526,GBT,Euronext Paris,EUR,22.5,2025-08-22,22.5,5634.0,125061.95,GBT,SMART,21.1,CLOSE_TICKER,,,,,21.1,2025-08-28T21:19:00.901399,OK,ISIN:FR0000032526->GBT@SMART,"POST_MARKET (fermeture à 17h30, il est 21:15)"
GUILLEMOT,FR0000066722,GUI,Euronext Paris,EUR,5.38,2025-08-22,5.38,5175.0,27939.28,GUI,SMART,5.42,CLOSE_TICKER,,,,,5.42,2025-08-28T21:19:02.252815,OK,ISIN:FR0000066722->GUI@SMART,"POST_MARKET (fermeture à 17h30, il est 21:15)"
HAULOTTE GROUP,FR0000066755,PIG,Euronext Paris,EUR,2.6,2025-08-22,2.6,3731.0,9738.05,PIG,SMART,2.59,CLOSE_TICKER,,,,,2.59,2025-08-28T21:19:03.558853,OK,ISIN:FR0000066755->PIG@SMART,"POST_MARKET (fermeture à 17h30, il est 21:15)"
HDF,FR0014003VY4,HDF,Euronext Paris,EUR,5.0,2025-08-22,5,1109.0,5527.29,HDF,SMART,4.94,CLOSE_TICKER,,,,,4.94,2025-08-28T21:19:04.944261,OK,ISIN:FR0014003VY4->HDF@SMART,"POST_MARKET (fermeture à 17h30, il est 21:15)"
HERMES INTL,FR0000052292,RMS,Euronext Paris,EUR,2095.0,2025-08-22,2095,44408.0,92850011.5,RMS,SMART,2119.0,CLOSE_TICKER,,,,,2119.0,2025-08-28T21:19:06.299343,OK,ISIN:FR0000052292->RMS@SMART,"POST_MARKET (fermeture à 17h30, il est 21:15)"
HIGH CO,FR0000054231,HCO,Euronext Paris,EUR,4.8,2025-08-22,4.8,68293.0,324297.51,HCO,SMART,4.75,CLOSE_TICKER,,,,,4.75,2025-08-28T21:19:07.574945,OK,ISIN:FR0000054231->HCO@SMART,"POST_MARKET (fermeture à 17h30, il est 21:15)"
HOTELS DE PARIS,FR0004165801,HDP,Euronext Paris,EUR,2.12,2025-08-22,2.12,8.0,17.1,HDP,SMART,2.0,CLOSE_TICKER,,,,,2.0,2025-08-28T21:19:08.807641,OK,ISIN:FR0004165801->HDP@SMART,"POST_MARKET (fermeture à 17h30, il est 21:15)"
ICADE,FR0000035081,ICAD,Euronext Paris,EUR,22.56,2025-08-22,22.56,88985.0,1990730.58,ICAD,SMART,20.88,CLOSE_TICKER,,,,,20.88,2025-08-28T21:19:10.226082,OK,ISIN:FR0000035081->ICAD@SMART,"POST_MARKET (fermeture à 17h30, il est 21:15)"
ID LOGISTICS GROUP,FR0010929125,IDL,Euronext Paris,EUR,438.0,2025-08-22,438,3095.0,1353985.0,IDL,SMART,405.5,CLOSE_TICKER,,,,,405.5,2025-08-28T21:19:11.485483,OK,ISIN:FR0010929125->IDL@SMART,"POST_MARKET (fermeture à 17h30, il est 21:15)"
IDI,FR0000051393,IDIP,Euronext Paris,EUR,78.2,2025-08-22,78.2,843.0,66620.6,IDIP,SMART,79.2,CLOSE_TICKER,,,,,79.2,2025-08-28T21:19:12.822967,OK,ISIN:FR0000051393->IDIP@SMART,"POST_MARKET (fermeture à 17h30, il est 21:15)"
IMERYS,FR0000120859,NK,Euronext Paris,EUR,22.58,2025-08-22,22.58,55064.0,1238186.2,NK,SMART,21.94,CLOSE_TICKER,,,,,21.94,2025-08-28T21:19:14.162764,OK,ISIN:FR0000120859->NK@SMART,"POST_MARKET (fermeture à 17h30, il est 21:15)"
IMMOB.DASSAULT,FR0000033243,IMDA,Euronext Paris,EUR,54.4,2025-08-22,54.4,52.0,2827.8,IMDA,SMART,54.0,CLOSE_TICKER,,,,,54.0,2025-08-28T21:19:15.491610,OK,ISIN:FR0000033243->IMDA@SMART,"POST_MARKET (fermeture à 17h30, il est 21:15)"
INFOTEL,FR0000071797,INF,Euronext Paris,EUR,43.7,2025-08-22,43.7,2151.0,94061.9,INF,SMART,40.8,CLOSE_TICKER,,,,,40.8,2025-08-28T21:19:16.867008,OK,ISIN:FR0000071797->INF@SMART,"POST_MARKET (fermeture à 17h30, il est 21:15)"
INNATE PHARMA,FR0010331421,IPH,Euronext Paris,EUR,2.01,2025-08-22,2.01,200207.0,400340.168,IPH,SMART,1.844,CLOSE_TICKER,,,,,1.844,2025-08-28T21:19:18.178147,OK,ISIN:FR0010331421->IPH@SMART,"POST_MARKET (fermeture à 17h30, il est 21:15)"
INTERPARFUMS,FR0004024222,ITP,Euronext Paris,EUR,32.74,2025-08-22,32.74,18518.0,605909.66,ITP,SMART,31.58,CLOSE_TICKER,,,,,31.58,2025-08-28T21:19:19.454735,OK,ISIN:FR0004024222->ITP@SMART,"POST_MARKET (fermeture à 17h30, il est 21:15)"
INTEXA,FR0000064958,ITXT,Euronext Paris,EUR,2.5,2025-08-22,2.5,35.0,87.5,ITXT,SMART,2.5,CLOSE_TICKER,,,,,2.5,2025-08-28T21:19:20.683679,OK,ISIN:FR0000064958->ITXT@SMART,"POST_MARKET (fermeture à 17h30, il est 21:15)"
INVENTIVA,FR0013233012,IVA,Euronext Paris,EUR,3.88,2025-08-22,3.88,165184.0,633263.8525,IVA,SMART,4.63,CLOSE_TICKER,,,,,4.63,2025-08-28T21:19:22.011956,OK,ISIN:FR0013233012->IVA@SMART,"POST_MARKET (fermeture à 17h30, il est 21:15)"
IPSEN,FR0010259150,IPN,Euronext Paris,EUR,116.7,2025-08-22,116.7,55507.0,6483142.9,IPN,SMART,116.8,CLOSE_TICKER,,,,,116.8,2025-08-28T21:19:23.385835,OK,ISIN:FR0010259150->IPN@SMART,"POST_MARKET (fermeture à 17h30, il est 21:15)"
IPSOS,FR0000073298,IPS,Euronext Paris,EUR,39.0,2025-08-22,39,41699.0,1621966.64,IPS,SMART,37.1,CLOSE_TICKER,,,,,37.1,2025-08-28T21:19:24.791125,OK,ISIN:FR0000073298->IPS@SMART,"POST_MARKET (fermeture à 17h30, il est 21:15)"
JACQUES BOGART,FR0012872141,JBOG,Euronext Paris,EUR,4.0,2025-08-22,4,211.0,839.36,JBOG,SMART,3.96,CLOSE_TICKER,,,,,3.96,2025-08-28T21:19:26.113326,OK,ISIN:FR0012872141->JBOG@SMART,"POST_MARKET (fermeture à 17h30, il est 21:15)"
JACQUET METALS,FR0000033904,JCQ,Euronext Paris,EUR,20.85,2025-08-22,20.85,2697.0,56068.5,JCQ,SMART,20.15,CLOSE_TICKER,,,,,20.15,2025-08-28T21:19:27.389676,OK,ISIN:FR0000033904->JCQ@SMART,"POST_MARKET (fermeture à 17h30, il est 21:15)"
JCDECAUX,FR0000077919,DEC,Euronext Paris,EUR,15.08,2025-08-22,15.08,101945.0,1531438.93,DEC,SMART,14.93,CLOSE_TICKER,,,,,14.93,2025-08-28T21:19:28.713348,OK,ISIN:FR0000077919->DEC@SMART,"POST_MARKET (fermeture à 17h30, il est 21:15)"
KAUFMAN ET BROAD,FR0004007813,KOF,Euronext Paris,EUR,31.35,2025-08-22,31.35,11871.0,370321.65,KOF,SMART,29.15,CLOSE_TICKER,,,,,29.15,2025-08-28T21:19:30.100452,OK,ISIN:FR0004007813->KOF@SMART,"POST_MARKET (fermeture à 17h30, il est 21:15)"
KERING,FR0000121485,KER,Euronext Paris,EUR,223.8,2025-08-22,223.8,230855.0,51460907.125,KER,SMART,229.5,CLOSE_TICKER,,,,,229.5,2025-08-28T21:19:31.474838,OK,ISIN:FR0000121485->KER@SMART,"POST_MARKET (fermeture à 17h30, il est 21:15)"
KLEPIERRE,FR0000121964,LI,Euronext Paris,EUR,35.38,2025-08-22,35.38,198576.0,7021996.58,LI,SMART,33.54,CLOSE_TICKER,,,,,33.54,2025-08-28T21:19:32.816580,OK,ISIN:FR0000121964->LI@SMART,"POST_MARKET (fermeture à 17h30, il est 21:15)"
L'OREAL,FR0000120321,OR,Euronext Paris,EUR,399.0,2025-08-22,399,157925.0,63061095.0,OR,SMART,401.25,CLOSE_TICKER,,,,,401.25,2025-08-28T21:19:34.136670,OK,ISIN:FR0000120321->OR@SMART,"POST_MARKET (fermeture à 17h30, il est 21:15)"
LACROIX GROUP,FR0000066607,LACR,Euronext Paris,EUR,8.66,2025-08-22,8.66,414.0,3584.9,LACR,SMART,8.42,CLOSE_TICKER,,,,,8.42,2025-08-28T21:19:35.463907,OK,ISIN:FR0000066607->LACR@SMART,"POST_MARKET (fermeture à 17h30, il est 21:15)"
LAGARDERE SA,FR0000130213,MMB,Euronext Paris,EUR,20.65,2025-08-22,20.65,3858.0,79457.25,MMB,SMART,20.3,CLOSE_TICKER,,,,,20.3,2025-08-28T21:19:36.819113,OK,ISIN:FR0000130213->MMB@SMART,"POST_MARKET (fermeture à 17h30, il est 21:15)"
LATECOERE,FR001400JY13,LAT,Euronext Paris,EUR,0.0132,2025-08-22,0.0132,1169671.0,15318.067,LAT,SMART,0.013,CLOSE_TICKER,,,,,0.013,2025-08-28T21:19:38.095846,OK,ISIN:FR001400JY13->LAT@SMART,"POST_MARKET (fermeture à 17h30, il est 21:15)"
LAURENT-PERRIER,FR0006864484,LPE,Euronext Paris,EUR,93.0,2025-08-22,93,156.0,14473.2,LPE,SMART,92.0,CLOSE_TICKER,,,,,92.0,2025-08-28T21:19:39.546628,OK,ISIN:FR0006864484->LPE@SMART,"POST_MARKET (fermeture à 17h30, il est 21:15)"
LDC,FR001400SF56,LOUP,Euronext Paris,EUR,91.9,2025-08-22,91.9,2469.0,226376.95,LOUP,SMART,89.7,CLOSE_TICKER,,,,,89.7,2025-08-28T21:19:40.870715,OK,ISIN:FR001400SF56->LOUP@SMART,"POST_MARKET (fermeture à 17h30, il est 21:15)"
LECTRA,FR0000065484,LSS,Euronext Paris,EUR,24.1,2025-08-22,24.1,6368.0,153464.75,LSS,SMART,22.85,CLOSE_TICKER,,,,,22.85,2025-08-28T21:19:42.272595,OK,ISIN:FR0000065484->LSS@SMART,"POST_MARKET (fermeture à 17h30, il est 21:15)"
LEGRAND,FR0010307819,LR,Euronext Paris,EUR,132.1,2025-08-22,132.1,400073.0,52626886.825,LR,SMART,129.75,CLOSE_TICKER,,,,,129.75,2025-08-28T21:19:43.518962,OK,ISIN:FR0010307819->LR@SMART,"POST_MARKET (fermeture à 17h30, il est 21:15)"
LHYFE,FR0014009YQ1,LHYFE,Euronext Paris,EUR,3.245,2025-08-22,3.245,5490.0,17755.505,LHYFE,SMART,3.18,CLOSE_TICKER,,,,,3.18,2025-08-28T21:19:44.843477,OK,ISIN:FR0014009YQ1->LHYFE@SMART,"POST_MARKET (fermeture à 17h30, il est 21:15)"
LINEDATA SERVICES,FR0004156297,LIN,Euronext Paris,EUR,64.4,2025-08-22,64.4,286.0,18355.2,LIN1,SMART,63.0,CLOSE_TICKER,,,,,63.0,2025-08-28T21:19:46.122386,OK,ISIN:FR0004156297->LIN1@SMART,"POST_MARKET (fermeture à 17h30, il est 21:15)"
LISI,FR0000050353,FII,Euronext Paris,EUR,45.4,2025-08-22,45.4,15649.0,706687.15,FII,SMART,43.3,CLOSE_TICKER,,,,,43.3,2025-08-28T21:19:47.543362,OK,ISIN:FR0000050353->FII@SMART,"POST_MARKET (fermeture à 17h30, il est 21:15)"
LNA SANTE,FR0004170017,LNA,Euronext Paris,EUR,31.3,2025-08-22,31.3,3677.0,114395.8,LNA,SMART,30.4,CLOSE_TICKER,,,,,30.4,2025-08-28T21:19:48.879358,OK,ISIN:FR0004170017->LNA@SMART,"POST_MARKET (fermeture à 17h30, il est 21:15)"
LUMIBIRD,FR0000038242,LBIRD,Euronext Paris,EUR,18.2,2025-08-22,18.2,10745.0,195784.95,LBIRD,SMART,16.55,CLOSE_TICKER,,,,,16.55,2025-08-28T21:19:50.193377,OK,ISIN:FR0000038242->LBIRD@SMART,"POST_MARKET (fermeture à 17h30, il est 21:15)"
LVMH,FR0000121014,MC,Euronext Paris,EUR,495.1,2025-08-22,495.1,423115.0,208698965.7,MC,SMART,502.0,CLOSE_TICKER,,,,,502.0,2025-08-28T21:19:51.520095,OK,ISIN:FR0000121014->MC@SMART,"POST_MARKET (fermeture à 17h30, il est 21:15)"
MAAT PHARMA,FR0012634822,MAAT,Euronext Paris,EUR,5.7,2025-08-22,5.7,35345.0,197959.66,MAAT,SMART,5.04,CLOSE_TICKER,,,,,5.04,2025-08-28T21:19:52.941177,OK,ISIN:FR0012634822->MAAT@SMART,"POST_MARKET (fermeture à 17h30, il est 21:15)"
MAISONS DU MONDE,FR0013153541,MDM,Euronext Paris,EUR,1.998,2025-08-22,1.998,26719.0,54379.614,MDM,SMART,1.988,CLOSE_TICKER,,,,,1.988,2025-08-28T21:19:54.313309,OK,ISIN:FR0013153541->MDM@SMART,"POST_MARKET (fermeture à 17h30, il est 21:15)"
MALTERIES FCO-BEL.,FR0000030074,MALT,Euronext Paris,EUR,890.0,2025-08-22,890,7.0,6230.0,MALT,SMART,895.0,CLOSE_TICKER,,,,,895.0,2025-08-28T21:19:55.648525,OK,ISIN:FR0000030074->MALT@SMART,"POST_MARKET (fermeture à 17h30, il est 21:15)"
MANITOU BF,FR0000038606,MTU,Euronext Paris,EUR,20.5,2025-08-22,20.5,12992.0,264893.8,MTU,SMART,19.22,CLOSE_TICKER,,,,,19.22,2025-08-28T21:19:57.008372,OK,ISIN:FR0000038606->MTU@SMART,"POST_MARKET (fermeture à 17h30, il est 21:15)"
MAROC TELECOM,MA0000011488,IAM,Euronext Paris,EUR,11.4,2025-08-22,11.4,12.0,136.6,IAM,SMART,11.4,CLOSE_TICKER,,,,,11.4,2025-08-28T21:19:58.345346,OK,ISIN:MA0000011488->IAM@SMART,"POST_MARKET (fermeture à 17h30, il est 21:15)"
MAUREL ET PROM,FR0000051070,MAU,Euronext Paris,EUR,5.445,2025-08-22,5.445,228186.0,1244232.87,MAU,SMART,5.055,CLOSE_TICKER,,,,,5.055,2025-08-28T21:19:59.664020,OK,ISIN:FR0000051070->MAU@SMART,"POST_MARKET (fermeture à 17h30, il est 21:15)"
MBWS,FR0000060873,MBWS,Euronext Paris,EUR,2.97,2025-08-22,2.97,4141.0,12136.58,MBWS,SMART,2.91,CLOSE_TICKER,,,,,2.91,2025-08-28T21:20:01.026285,OK,ISIN:FR0000060873->MBWS@SMART,"POST_MARKET (fermeture à 17h30, il est 21:15)"
MEDIA 6,FR0000064404,EDI,Euronext Paris,EUR,10.7,2025-08-22,10.7,1.0,10.7,EDI,SMART,10.7,CLOSE_TICKER,,,,,10.7,2025-08-28T21:20:02.251952,OK,ISIN:FR0000064404->EDI@SMART,"POST_MARKET (fermeture à 17h30, il est 21:15)"
MEDINCELL,FR0004065605,MEDCL,Euronext Paris,EUR,17.91,2025-08-22,17.91,114150.0,2076890.955,MEDCL,SMART,17.34,CLOSE_TICKER,,,,,17.34,2025-08-28T21:20:03.569280,OK,ISIN:FR0004065605->MEDCL@SMART,"POST_MARKET (fermeture à 17h30, il est 21:15)"
MEMSCAP REGPT,FR0010298620,MEMS,Euronext Paris,EUR,3.85,2025-08-22,3.85,14306.0,55272.57,MEMS,SMART,3.755,CLOSE_TICKER,,,,,3.755,2025-08-28T21:20:04.841967,OK,ISIN:FR0010298620->MEMS@SMART,"POST_MARKET (fermeture à 17h30, il est 21:15)"
MERCIALYS,FR0010241638,MERY,Euronext Paris,EUR,11.5,2025-08-22,11.5,55210.0,633180.2,MERY,SMART,10.94,CLOSE_TICKER,,,,,10.94,2025-08-28T21:20:06.258470,OK,ISIN:FR0010241638->MERY@SMART,"POST_MARKET (fermeture à 17h30, il est 21:15)"
MERSEN,FR0000039620,MRN,Euronext Paris,EUR,25.35,2025-08-22,25.35,52695.0,1319177.125,MRN,SMART,24.15,CLOSE_TICKER,,,,,24.15,2025-08-28T21:20:07.525952,OK,ISIN:FR0000039620->MRN@SMART,"POST_MARKET (fermeture à 17h30, il est 21:15)"
METROPOLE TV,FR0000053225,MMT,Euronext Paris,EUR,13.5,2025-08-22,13.5,121739.0,1633162.06,MMT,SMART,12.96,CLOSE_TICKER,,,,,12.96,2025-08-28T21:20:08.937315,OK,ISIN:FR0000053225->MMT@SMART,"POST_MARKET (fermeture à 17h30, il est 21:15)"
MICHELIN,FR001400AJ45,ML,Euronext Paris,EUR,32.55,2025-08-22,32.55,1011123.0,32887565.085,ML,SMART,31.15,CLOSE_TICKER,,,,,31.15,2025-08-28T21:20:10.268073,OK,ISIN:FR001400AJ45->ML@SMART,"POST_MARKET (fermeture à 17h30, il est 21:15)"
MONCEY (FIN.) NOM.,FR001400SU99,FMONC,Euronext Paris,EUR,116.5,2025-08-22,116.5,2.0,233.0,FMONC,SMART,114.0,CLOSE_TICKER,,,,,114.0,2025-08-28T21:20:11.585100,OK,ISIN:FR001400SU99->FMONC@SMART,"POST_MARKET (fermeture à 17h30, il est 21:15)"
MONTEA,BE0003853703,MONT,"Euronext Brussels, Paris",EUR,70.0,2025-08-22,70,33783.0,2343882.2,MONT,SMART,68.4,CLOSE_TICKER,,,,,68.4,2025-08-28T21:20:12.961729,OK,ISIN:BE0003853703->MONT@SMART,"POST_MARKET (fermeture à 17h30, il est 21:15)"
MYHOTELMATCH,FR001400IE67,MHM,Euronext Paris,EUR,0.384,2025-08-22,0.384,21479.0,8152.998,MHM,SMART,0.39,CLOSE_TICKER,,,,,0.39,2025-08-28T21:20:14.276871,OK,ISIN:FR001400IE67->MHM@SMART,"POST_MARKET (fermeture à 17h30, il est 21:15)"
NACON,FR0013482791,NACON,Euronext Paris,EUR,0.938,2025-08-22,0.938,383847.0,365598.929,NACON,SMART,0.788,CLOSE_TICKER,,,,,0.788,2025-08-28T21:20:15.702638,OK,ISIN:FR0013482791->NACON@SMART,"POST_MARKET (fermeture à 17h30, il est 21:15)"
NANOBIOTIX,FR0011341205,NANO,Euronext Paris,EUR,8.42,2025-08-22,8.42,518688.0,4423570.085,NANO,SMART,7.74,CLOSE_TICKER,,,,,7.74,2025-08-28T21:20:17.035106,OK,ISIN:FR0011341205->NANO@SMART,"POST_MARKET (fermeture à 17h30, il est 21:15)"
NEURONES,FR0004050250,NRO,Euronext Paris,EUR,42.7,2025-08-22,42.7,2446.0,103937.45,NRO,SMART,41.5,CLOSE_TICKER,,,,,41.5,2025-08-28T21:20:18.392138,OK,ISIN:FR0004050250->NRO@SMART,"POST_MARKET (fermeture à 17h30, il est 21:15)"
NEXANS,FR0000044448,NEX,Euronext Paris,EUR,137.0,2025-08-22,137,88906.0,12088294.2,NEX,SMART,129.8,CLOSE_TICKER,,,,,129.8,2025-08-28T21:20:19.757334,OK,ISIN:FR0000044448->NEX@SMART,"POST_MARKET (fermeture à 17h30, il est 21:15)"
NEXITY,FR0010112524,NXI,Euronext Paris,EUR,11.1,2025-08-22,11.1,87535.0,966596.925,NXI,SMART,9.535,CLOSE_TICKER,,,,,9.535,2025-08-28T21:20:20.991209,OK,ISIN:FR0010112524->NXI@SMART,"POST_MARKET (fermeture à 17h30, il est 21:15)"
NOKIA,FI0009000681,NOKIA,Euronext Paris,EUR,3.686,2025-08-22,3.686,242988.0,895109.358,NOKIA,SMART,3.71,CLOSE_TICKER,,,,,3.71,2025-08-28T21:20:22.462144,OK,ISIN:FI0009000681->NOKIA@SMART,"POST_MARKET (fermeture à 17h30, il est 21:15)"
NR21,FR0014001PV6,NR21,Euronext Paris,EUR,40.0,2025-08-22,40,1.0,40.0,NR21,SMART,40.0,CLOSE_TICKER,,,,,40.0,2025-08-28T21:20:23.683923,OK,ISIN:FR0014001PV6->NR21@SMART,"POST_MARKET (fermeture à 17h30, il est 21:15)"
NRJ GROUP,FR0000121691,NRG,Euronext Paris,EUR,7.3,2025-08-22,7.3,880.0,6404.54,NRG,SMART,7.24,CLOSE_TICKER,,,,,7.24,2025-08-28T21:20:24.950310,OK,ISIN:FR0000121691->NRG@SMART,"POST_MARKET (fermeture à 17h30, il est 21:15)"
OENEO,FR0000052680,SBT,Euronext Paris,EUR,9.26,2025-08-22,9.26,5159.0,47772.74,SBT,SMART,9.5,CLOSE_TICKER,,,,,9.5,2025-08-28T21:20:26.209239,OK,ISIN:FR0000052680->SBT@SMART,"POST_MARKET (fermeture à 17h30, il est 21:15)"
ONWARD MEDICAL,NL0015000HT4,ONWD,"Euronext Brussels, Amsterdam, Paris",EUR,5.06,2025-08-22,5.06,114812.0,571624.88,ONWD,SMART,5.07,CLOSE_TICKER,,,,,5.07,2025-08-28T21:20:27.563642,OK,ISIN:NL0015000HT4->ONWD@SMART,"POST_MARKET (fermeture à 17h30, il est 21:15)"
OPMOBILITY,FR0000124570,OPM,Euronext Paris,EUR,14.1,2025-08-22,14.1,165868.0,2324128.68,OPM,SMART,13.38,CLOSE_TICKER,,,,,13.38,2025-08-28T21:20:28.892519,OK,ISIN:FR0000124570->OPM@SMART,"POST_MARKET (fermeture à 17h30, il est 21:15)"
ORANGE,FR0000133308,ORA,Euronext Paris,EUR,14.48,2025-08-22,14.48,3606771.0,52244762.165,ORA,SMART,13.86,CLOSE_TICKER,,,,,13.86,2025-08-28T21:20:30.216562,OK,ISIN:FR0000133308->ORA@SMART,"POST_MARKET (fermeture à 17h30, il est 21:15)"
OREGE,FR0010609206,OREGE,Euronext Paris,EUR,0.329,2025-08-22,0.329,28378.0,8857.714,OREGE,SMART,0.323,CLOSE_TICKER,,,,,0.323,2025-08-28T21:20:31.541391,OK,ISIN:FR0010609206->OREGE@SMART,"POST_MARKET (fermeture à 17h30, il est 21:15)"
OSE IMMUNO,FR0012127173,OSE,Euronext Paris,EUR,6.32,2025-08-22,6.32,56736.0,364103.38,OSE,SMART,6.11,CLOSE_TICKER,,,,,6.11,2025-08-28T21:20:32.864662,OK,ISIN:FR0012127173->OSE@SMART,"POST_MARKET (fermeture à 17h30, il est 21:15)"
OVH,FR0014005HJ9,OVH,Euronext Paris,EUR,10.02,2025-08-22,10.02,68861.0,690399.92,OVH,SMART,10.39,CLOSE_TICKER,,,,,10.39,2025-08-28T21:20:34.236352,OK,ISIN:FR0014005HJ9->OVH@SMART,"POST_MARKET (fermeture à 17h30, il est 21:15)"
PAREF,FR0010263202,PAR,Euronext Paris,EUR,39.0,2025-08-22,39,29.0,1131.0,PAR,SMART,37.7,CLOSE_TICKER,,,,,37.7,2025-08-28T21:20:35.507858,OK,ISIN:FR0010263202->PAR@SMART,"POST_MARKET (fermeture à 17h30, il est 21:15)"
PARROT,FR0004038263,PARRO,Euronext Paris,EUR,9.08,2025-08-22,9.08,13076.0,117785.34,PARRO,SMART,8.44,CLOSE_TICKER,,,,,8.44,2025-08-28T21:20:36.816306,OK,ISIN:FR0004038263->PARRO@SMART,"POST_MARKET (fermeture à 17h30, il est 21:15)"
PASSAT,FR0000038465,PSAT,Euronext Paris,EUR,4.73,2025-08-22,4.73,216.0,1018.5,PSAT,SMART,4.72,CLOSE_TICKER,,,,,4.72,2025-08-28T21:20:39.222012,OK,ISIN:FR0000038465->PSAT@SMART,"POST_MARKET (fermeture à 17h30, il est 21:15)"
PATRIMOINE ET COMM,FR0011027135,PAT,Euronext Paris,EUR,25.0,2025-08-22,25,1421.0,34635.4,PAT1,SMART,24.5,CLOSE_TICKER,,,,,24.5,2025-08-28T21:20:40.561975,OK,ISIN:FR0011027135->PAT1@SMART,"POST_MARKET (fermeture à 17h30, il est 21:15)"
PERNOD RICARD,FR0000120693,RI,Euronext Paris,EUR,101.85,2025-08-22,101.85,357181.0,36365324.5,RI,SMART,99.04,CLOSE_TICKER,,,,,99.04,2025-08-28T21:20:41.934698,OK,ISIN:FR0000120693->RI@SMART,"POST_MARKET (fermeture à 17h30, il est 21:15)"
PERRIER (GERARD),FR0000061459,PERR,Euronext Paris,EUR,85.0,2025-08-22,85,78.0,6626.8,PERR,SMART,83.8,CLOSE_TICKER,,,,,83.8,2025-08-28T21:20:43.242164,OK,ISIN:FR0000061459->PERR@SMART,"POST_MARKET (fermeture à 17h30, il est 21:15)"
PEUGEOT INVEST,FR0000064784,PEUG,Euronext Paris,EUR,79.4,2025-08-22,79.4,4249.0,336267.0,PEUG,SMART,78.2,HISTORICAL,,,,,78.2,2025-08-28T21:20:44.973103,OK,ISIN:FR0000064784->PEUG@SMART,"POST_MARKET (fermeture à 17h30, il est 21:15)"
PHAXIAM Tx,FR001400K4B1,PHXM,Euronext Paris,EUR,0.1005,2025-08-22,0.1005,68779.0,7086.67,PHXM,SMART,0.1005,CLOSE_TICKER,,,,,0.1005,2025-08-28T21:20:46.391944,OK,ISIN:FR001400K4B1->PHXM@SMART,"POST_MARKET (fermeture à 17h30, il est 21:15)"
PIERRE VAC BSA ACT,FR001400B4H9,VACBS,Euronext Paris,EUR,0.045,2025-08-22,0.045,8757.0,427.565,VACBS,SMART,0.044,CLOSE_TICKER,,,,,0.044,2025-08-28T21:20:47.606809,OK,ISIN:FR001400B4H9->VACBS@SMART,"POST_MARKET (fermeture à 17h30, il est 21:15)"
PIERRE VAC BSA CRE,FR001400B4G1,VACBT,Euronext Paris,EUR,0.5,2025-08-22,0.5,1500.0,676.62,,,,,,,,,,,CONTRACT_NOT_FOUND,NOT_FOUND,"POST_MARKET (fermeture à 17h30, il est 21:15)"
PIERRE VACANCES,FR0000073041,VAC,Euronext Paris,EUR,1.688,2025-08-22,1.688,54395.0,91070.06,VAC,SMART,1.612,CLOSE_TICKER,,,,,1.612,2025-08-28T21:20:49.628988,OK,ISIN:FR0000073041->VAC@SMART,"POST_MARKET (fermeture à 17h30, il est 21:15)"
PLANISWARE,FR001400PFU4,PLNW,Euronext Paris,EUR,18.2,2025-08-22,18.2,47854.0,868753.71,PLNW,SMART,18.18,CLOSE_TICKER,,,,,18.18,2025-08-28T21:20:50.949709,OK,ISIN:FR001400PFU4->PLNW@SMART,"POST_MARKET (fermeture à 17h30, il est 21:15)"
PLAST.VAL LOIRE,FR0013252186,PVL,Euronext Paris,EUR,1.275,2025-08-22,1.275,19908.0,24982.125,PVL,SMART,1.275,CLOSE_TICKER,,,,,1.275,2025-08-28T21:20:52.225351,OK,ISIN:FR0013252186->PVL@SMART,"POST_MARKET (fermeture à 17h30, il est 21:15)"
PLUXEE,NL0015001W49,PLX,Euronext Paris,EUR,19.03,2025-08-22,19.03,75412.0,1427783.5,PLX,SMART,17.6,CLOSE_TICKER,,,,,17.6,2025-08-28T21:20:53.499969,OK,ISIN:NL0015001W49->PLX@SMART,"POST_MARKET (fermeture à 17h30, il est 21:15)"
POXEL,FR0012432516,POXEL,Euronext Paris,EUR,0.323,2025-08-22,0.323,297107.0,93795.4165,POXEL,SMART,0.3125,CLOSE_TICKER,,,,,0.3125,2025-08-28T21:20:54.823944,OK,ISIN:FR0012432516->POXEL@SMART,"POST_MARKET (fermeture à 17h30, il est 21:15)"
PROACTIS SA,FR0004052561,PROAC,Euronext Paris,EUR,0.065,2025-08-22,0.065,123725.0,7595.304,PROAC,SMART,0.056,CLOSE_TICKER,,,,,0.056,2025-08-28T21:20:56.195446,OK,ISIN:FR0004052561->PROAC@SMART,"POST_MARKET (fermeture à 17h30, il est 21:15)"
PUBLICIS GROUPE SA,FR0000130577,PUB,Euronext Paris,EUR,80.74,2025-08-22,80.74,493136.0,39709583.44,PUB,SMART,79.0,CLOSE_TICKER,,,,,79.0,2025-08-28T21:20:57.520880,OK,ISIN:FR0000130577->PUB@SMART,"POST_MARKET (fermeture à 17h30, il est 21:15)"
QUADIENT,FR0000120560,QDT,Euronext Paris,EUR,16.72,2025-08-22,16.72,44687.0,739389.58,QDT,SMART,16.04,CLOSE_TICKER,,,,,16.04,2025-08-28T21:20:59.040437,OK,ISIN:FR0000120560->QDT@SMART,"POST_MARKET (fermeture à 17h30, il est 21:15)"
RAMSAY GEN SANTE,FR0000044471,GDS,Euronext Paris,EUR,9.96,2025-08-22,9.96,22.0,219.12,GDS,SMART,10.0,CLOSE_TICKER,,,,,10.0,2025-08-28T21:21:00.399935,OK,ISIN:FR0000044471->GDS@SMART,"POST_MARKET (fermeture à 17h30, il est 21:15)"
REMY COINTREAU,FR0000130395,RCO,Euronext Paris,EUR,56.3,2025-08-22,56.3,49046.0,2755303.85,RCO,SMART,54.1,CLOSE_TICKER,,,,,54.1,2025-08-28T21:21:01.835960,OK,ISIN:FR0000130395->RCO@SMART,"POST_MARKET (fermeture à 17h30, il est 21:15)"
RENAULT,FR0000131906,RNO,Euronext Paris,EUR,33.56,2025-08-22,33.56,656892.0,21967675.35,RNO,SMART,32.69,CLOSE_TICKER,,,,,32.69,2025-08-28T21:21:03.239126,OK,ISIN:FR0000131906->RNO@SMART,"POST_MARKET (fermeture à 17h30, il est 21:15)"
REXEL,FR0010451203,RXL,Euronext Paris,EUR,28.21,2025-08-22,28.21,739944.0,20807502.095,RXL,SMART,27.08,CLOSE_TICKER,,,,,27.08,2025-08-28T21:21:04.623507,OK,ISIN:FR0010451203->RXL@SMART,"POST_MARKET (fermeture à 17h30, il est 21:15)"
ROBERTET,FR0000039091,RBT,Euronext Paris,EUR,859.0,2025-08-22,859,310.0,266047.0,RBT,SMART,822.0,CLOSE_TICKER,,,,,822.0,2025-08-28T21:21:06.069177,OK,ISIN:FR0000039091->RBT@SMART,"POST_MARKET (fermeture à 17h30, il est 21:15)"
ROBERTET CDV 87,FR0000045619,CBR,Euronext Paris,EUR,96.0,2025-08-22,96,1.0,96.0,CBR,SMART,96.0,CLOSE_TICKER,,,,,96.0,2025-08-28T21:21:07.298538,OK,ISIN:FR0000045619->CBR@SMART,"POST_MARKET (fermeture à 17h30, il est 21:15)"
ROBERTET CI,FR0000045601,CBE,Euronext Paris,EUR,742.9,2025-08-22,742.9,1.0,742.9,CBE,SMART,700.0,CLOSE_TICKER,,,,,700.0,2025-08-28T21:21:08.734549,OK,ISIN:FR0000045601->CBE@SMART,"POST_MARKET (fermeture à 17h30, il est 21:15)"
ROCHE BOBOIS,FR0013344173,RBO,Euronext Paris,EUR,34.5,2025-08-22,34.5,108.0,3721.0,RBO,SMART,33.2,CLOSE_TICKER,,,,,33.2,2025-08-28T21:21:09.959297,OK,ISIN:FR0013344173->RBO@SMART,"POST_MARKET (fermeture à 17h30, il est 21:15)"
RUBIS,FR0013269123,RUI,Euronext Paris,EUR,29.18,2025-08-22,29.18,70760.0,2063375.97,RUI,SMART,28.18,CLOSE_TICKER,,,,,28.18,2025-08-28T21:21:11.167958,OK,ISIN:FR0013269123->RUI@SMART,"POST_MARKET (fermeture à 17h30, il est 21:15)"
S.E.B.,FR0000121709,SK,Euronext Paris,EUR,68.05,2025-08-22,68.05,33665.0,2286821.15,SK,SMART,63.65,CLOSE_TICKER,,,,,63.65,2025-08-28T21:21:12.742422,OK,ISIN:FR0000121709->SK@SMART,"POST_MARKET (fermeture à 17h30, il est 21:15)"
SAFRAN,FR0000073272,SAF,Euronext Paris,EUR,290.5,2025-08-22,290.5,397641.0,115703529.2,SAF,SMART,287.2,CLOSE_TICKER,,,,,287.2,2025-08-28T21:21:14.298321,OK,ISIN:FR0000073272->SAF@SMART,"POST_MARKET (fermeture à 17h30, il est 21:15)"
SAINT GOBAIN,FR0000125007,SGO,"Euronext Paris, Amsterdam, Brussels",EUR,98.16,2025-08-22,98.16,581660.0,56744320.67,SGO,SMART,93.44,CLOSE_TICKER,,,,,93.44,2025-08-28T21:21:15.622427,OK,ISIN:FR0000125007->SGO@SMART,"POST_MARKET (fermeture à 17h30, il est 21:15)"
SAINT JEAN GROUPE,FR0000060121,SABE,Euronext Paris,EUR,19.6,2025-08-22,19.6,10.0,196.0,SABE,SMART,19.4,CLOSE_TICKER,,,,,19.4,2025-08-28T21:21:16.944794,OK,ISIN:FR0000060121->SABE@SMART,"POST_MARKET (fermeture à 17h30, il est 21:15)"
SAMSE,FR0000060071,SAMS,Euronext Paris,EUR,146.0,2025-08-22,146,32.0,4670.5,SAMS,SMART,144.0,CLOSE_TICKER,,,,,144.0,2025-08-28T21:21:18.285543,OK,ISIN:FR0000060071->SAMS@SMART,"POST_MARKET (fermeture à 17h30, il est 21:15)"
SANOFI,FR0000120578,SAN,Euronext Paris,EUR,87.34,2025-08-22,87.34,1361481.0,119274829.39,SAN1,SMART,86.54,CLOSE_TICKER,,,,,86.54,2025-08-28T21:21:19.687802,OK,ISIN:FR0000120578->SAN1@SMART,"POST_MARKET (fermeture à 17h30, il est 21:15)"
SARTORIUS STED BIO,FR0013154002,DIM,Euronext Paris,EUR,177.85,2025-08-22,177.85,51326.0,9121720.875,DIM,SMART,174.5,CLOSE_TICKER,,,,,174.5,2025-08-28T21:21:21.027206,OK,ISIN:FR0013154002->DIM@SMART,"POST_MARKET (fermeture à 17h30, il est 21:15)"
SAVENCIA,FR0000120107,SAVE,Euronext Paris,EUR,63.0,2025-08-22,63,597.0,37705.6,SAVE,SMART,62.0,CLOSE_TICKER,,,,,62.0,2025-08-28T21:21:22.304740,OK,ISIN:FR0000120107->SAVE@SMART,"POST_MARKET (fermeture à 17h30, il est 21:15)"
SCBSM,FR0006239109,CBSM,Euronext Paris,EUR,9.1,2025-08-22,9.1,147.0,1310.2,CBSM,SMART,9.0,CLOSE_TICKER,,,,,9.0,2025-08-28T21:21:23.626869,OK,ISIN:FR0006239109->CBSM@SMART,"POST_MARKET (fermeture à 17h30, il est 21:15)"
SCHNEIDER ELECTRIC,FR0000121972,SU,Euronext Paris,EUR,215.4,2025-08-22,215.4,727484.0,156569845.8,SU,SMART,211.45,CLOSE_TICKER,,,,,211.45,2025-08-28T21:21:24.957119,OK,ISIN:FR0000121972->SU@SMART,"POST_MARKET (fermeture à 17h30, il est 21:15)"
SCOR SE,FR0010411983,SCR,Euronext Paris,EUR,28.96,2025-08-22,28.96,242397.0,7024289.16,SCR,SMART,27.94,CLOSE_TICKER,,,,,27.94,2025-08-28T21:21:26.303614,OK,ISIN:FR0010411983->SCR@SMART,"POST_MARKET (fermeture à 17h30, il est 21:15)"
SECHE ENVIRONNEM.,FR0000039109,SCHP,Euronext Paris,EUR,104.0,2025-08-22,104,1407.0,145681.2,SCHP,SMART,92.1,CLOSE_TICKER,,,,,92.1,2025-08-28T21:21:27.604615,OK,ISIN:FR0000039109->SCHP@SMART,"POST_MARKET (fermeture à 17h30, il est 21:15)"
SEGRO PLC,GB00B5ZN1N88,SGRO,Euronext Paris,EUR,9.989,2025-08-22,10.3,3.0,30.9,SGRO,SMART,7.15,CLOSE_TICKER,,,,,7.15,2025-08-28T21:21:29.055512,OK,ISIN:GB00B5ZN1N88->SGRO@SMART,"POST_MARKET (fermeture à 17h30, il est 21:15)"
SELCODIS,FR0000065492,SLCO,Euronext Paris,EUR,0.29,2025-08-22,0.29,2074.0,601.46,SLCO,SMART,0.29,CLOSE_TICKER,,,,,0.29,2025-08-28T21:21:30.282248,OK,ISIN:FR0000065492->SLCO@SMART,"POST_MARKET (fermeture à 17h30, il est 21:15)"
SELECTIRENTE,FR0004175842,SELER,Euronext Paris,EUR,81.5,2025-08-22,81.5,1.0,81.5,SELER,SMART,82.0,CLOSE_TICKER,,,,,82.0,2025-08-28T21:21:31.603973,OK,ISIN:FR0004175842->SELER@SMART,"POST_MARKET (fermeture à 17h30, il est 21:15)"
SERGEFERRARI GROUP,FR0011950682,SEFER,Euronext Paris,EUR,6.88,2025-08-22,6.88,883.0,6075.98,SEFER,SMART,6.22,CLOSE_TICKER,,,,,6.22,2025-08-28T21:21:32.808915,OK,ISIN:FR0011950682->SEFER@SMART,"POST_MARKET (fermeture à 17h30, il est 21:15)"
SES,LU0088087324,SESG,Euronext Paris,EUR,5.995,2025-08-22,5.995,253525.0,1515365.875,SESG,SMART,5.95,CLOSE_TICKER,,,,,5.95,2025-08-28T21:21:34.131889,OK,ISIN:LU0088087324->SESG@SMART,"POST_MARKET (fermeture à 17h30, il est 21:15)"
SHOWROOMPRIVE,FR0013006558,SRP,Euronext Paris,EUR,0.538,2025-08-22,0.538,15234.0,8082.416,SRP,SMART,0.514,CLOSE_TICKER,,,,,0.514,2025-08-28T21:21:35.456956,OK,ISIN:FR0013006558->SRP@SMART,"POST_MARKET (fermeture à 17h30, il est 21:15)"
SMCP,FR0013214145,SMCP,Euronext Paris,EUR,6.77,2025-08-22,6.77,188643.0,1261427.58,SMCP,SMART,6.46,CLOSE_TICKER,,,,,6.46,2025-08-28T21:21:36.701915,OK,ISIN:FR0013214145->SMCP@SMART,"POST_MARKET (fermeture à 17h30, il est 21:15)"
SOC FRANC CASINOS,FR0010209809,SFCA,Euronext Paris,EUR,1.84,2025-08-22,1.84,25.0,46.0,SFCA,SMART,1.96,CLOSE_TICKER,,,,,1.96,2025-08-28T21:21:37.930271,OK,ISIN:FR0010209809->SFCA@SMART,"POST_MARKET (fermeture à 17h30, il est 21:15)"
SOCIETE GENERALE,FR0000130809,GLE,Euronext Paris,EUR,57.84,2025-08-22,57.84,1207000.0,69752761.95,GLE,SMART,52.0,CLOSE_TICKER,,,,,52.0,2025-08-28T21:21:39.188107,OK,ISIN:FR0000130809->GLE@SMART,"POST_MARKET (fermeture à 17h30, il est 21:15)"
SODEXO,FR0000121220,SW,Euronext Paris,EUR,53.9,2025-08-22,53.9,95288.0,5122441.375,SW,SMART,50.8,CLOSE_TICKER,,,,,50.8,2025-08-28T21:21:40.558180,OK,ISIN:FR0000121220->SW@SMART,"POST_MARKET (fermeture à 17h30, il est 21:15)"
SODITECH,FR0000078321,SEC,Euronext Paris,EUR,2.78,2025-08-22,2.78,10614.0,29669.2,SEC,SMART,2.52,CLOSE_TICKER,,,,,2.52,2025-08-28T21:21:41.881481,OK,ISIN:FR0000078321->SEC@SMART,"POST_MARKET (fermeture à 17h30, il est 21:15)"
SOITEC,FR0013227113,SOI,Euronext Paris,EUR,38.51,2025-08-22,38.51,114735.0,4377899.72,SOI,SMART,36.46,CLOSE_TICKER,,,,,36.46,2025-08-28T21:21:43.237969,OK,ISIN:FR0013227113->SOI@SMART,"POST_MARKET (fermeture à 17h30, il est 21:15)"
SOLOCAL GROUP,FR001400SA10,LOCAL,Euronext Paris,EUR,4.28,2025-08-22,4.28,9505.0,40145.19,LOCAL,SMART,4.44,CLOSE_TICKER,,,,,4.44,2025-08-28T21:21:44.650137,OK,ISIN:FR001400SA10->LOCAL@SMART,"POST_MARKET (fermeture à 17h30, il est 21:15)"
SOLUTIONS 30 SE,FR0013379484,S30,Euronext Paris,EUR,2.06,2025-08-22,2.06,1184085.0,2374600.29,S30,SMART,1.794,CLOSE_TICKER,,,,,1.794,2025-08-28T21:21:46.017790,OK,ISIN:FR0013379484->S30@SMART,"POST_MARKET (fermeture à 17h30, il est 21:15)"
SOLVAY,BE0003470755,SOLB,"Euronext Brussels, Paris",EUR,28.98,2025-08-22,28.98,257311.0,7447562.84,SOLB,SMART,28.04,CLOSE_TICKER,,,,,28.04,2025-08-28T21:21:47.387568,OK,ISIN:BE0003470755->SOLB@SMART,"POST_MARKET (fermeture à 17h30, il est 21:15)"
SOPRA STERIA GROUP,FR0000050809,SOP,Euronext Paris,EUR,175.0,2025-08-22,175,17043.0,2969947.3,SOP,SMART,160.8,CLOSE_TICKER,,,,,160.8,2025-08-28T21:21:48.783243,OK,ISIN:FR0000050809->SOP@SMART,"POST_MARKET (fermeture à 17h30, il est 21:15)"
SPIE,FR0012757854,SPIE,Euronext Paris,EUR,52.1,2025-08-22,52.1,221839.0,11562854.8,SPIE,SMART,47.62,CLOSE_TICKER,,,,,47.62,2025-08-28T21:21:50.137650,OK,ISIN:FR0012757854->SPIE@SMART,"POST_MARKET (fermeture à 17h30, il est 21:15)"
ST DUPONT,FR0000054199,DPT,Euronext Paris,EUR,0.0994,2025-08-22,0.0994,62737.0,6233.1872,DPT,SMART,0.0996,CLOSE_TICKER,,,,,0.0996,2025-08-28T21:21:51.456993,OK,ISIN:FR0000054199->DPT@SMART,"POST_MARKET (fermeture à 17h30, il est 21:15)"
STEF,FR0000064271,STF,Euronext Paris,EUR,140.0,2025-08-22,140,3865.0,540632.6,STF,SMART,137.6,CLOSE_TICKER,,,,,137.6,2025-08-28T21:21:52.635386,OK,ISIN:FR0000064271->STF@SMART,"POST_MARKET (fermeture à 17h30, il est 21:15)"
STELLANTIS NV,NL00150001Q9,STLAP,Euronext Paris,EUR,8.649,2025-08-22,8.649,3534697.0,30304283.864,STLAP,SMART,8.173,CLOSE_TICKER,,,,,8.173,2025-08-28T21:21:54.025118,OK,ISIN:NL00150001Q9->STLAP@SMART,"POST_MARKET (fermeture à 17h30, il est 21:15)"
STMICROELECTRONICS,NL0000226223,STMPA,Euronext Paris,EUR,23.435,2025-08-22,23.435,3422839.0,79416321.855,STMPA,SMART,23.25,CLOSE_TICKER,,,,,23.25,2025-08-28T21:21:55.416534,OK,ISIN:NL0000226223->STMPA@SMART,"POST_MARKET (fermeture à 17h30, il est 21:15)"
SWORD GROUP,FR0004180578,SWP,Euronext Paris,EUR,36.55,2025-08-22,36.55,2151.0,78516.2,SWP,SMART,35.0,CLOSE_TICKER,,,,,35.0,2025-08-28T21:21:56.741011,OK,ISIN:FR0004180578->SWP@SMART,"POST_MARKET (fermeture à 17h30, il est 21:15)"
SYNERGIE,FR0000032658,SDG,Euronext Paris,EUR,34.1,2025-08-22,34.1,170.0,5789.2,SDG,SMART,33.2,HISTORICAL,,,,,33.2,2025-08-28T21:21:58.366678,OK,ISIN:FR0000032658->SDG@SMART,"POST_MARKET (fermeture à 17h30, il est 21:15)"
TARKETT,FR0004188670,TKTT,Euronext Paris,EUR,16.4,2025-08-22,16.4,1027.0,16842.8,TKTT,SMART,16.35,CLOSE_TICKER,,,,,16.35,2025-08-28T21:21:59.646239,OK,ISIN:FR0004188670->TKTT@SMART,"POST_MARKET (fermeture à 17h30, il est 21:15)"
TAYNINH,FR0000063307,TAYN,Euronext Paris,EUR,2.46,2025-08-22,2.46,116.0,285.36,TAYN,SMART,3.0,CLOSE_TICKER,,,,,3.0,2025-08-28T21:22:00.873142,OK,ISIN:FR0000063307->TAYN@SMART,"POST_MARKET (fermeture à 17h30, il est 21:15)"
TECHNIP ENERGIES,NL0014559478,TE,Euronext Paris,EUR,41.12,2025-08-22,41.12,158665.0,6525880.36,TE,SMART,39.74,CLOSE_TICKER,,,,,39.74,2025-08-28T21:22:02.198841,OK,ISIN:NL0014559478->TE@SMART,"POST_MARKET (fermeture à 17h30, il est 21:15)"
TELEPERFORMANCE,FR0000051807,TEP,Euronext Paris,EUR,72.24,2025-08-22,72.24,301831.0,21935932.34,TEP,SMART,68.88,CLOSE_TICKER,,,,,68.88,2025-08-28T21:22:03.503664,OK,ISIN:FR0000051807->TEP@SMART,"POST_MARKET (fermeture à 17h30, il est 21:15)"
TELEVERBIER,CH0008175645,TVRB,Euronext Paris,EUR,54.0,2025-08-22,54,41.0,2214.0,TVRB,SMART,57.5,CLOSE_TICKER,,,,,57.5,2025-08-28T21:22:04.830418,OK,ISIN:CH0008175645->TVRB@SMART,"POST_MARKET (fermeture à 17h30, il est 21:15)"
TERACT,FR001400BMH7,TRACT,Euronext Paris,EUR,0.97,2025-08-22,0.97,4096.0,3976.614,TRACT,SMART,0.95,CLOSE_TICKER,,,,,0.95,2025-08-28T21:22:06.157728,OK,ISIN:FR001400BMH7->TRACT@SMART,"POST_MARKET (fermeture à 17h30, il est 21:15)"
TERACT BS,FR0014000TB2,TERBS,Euronext Paris,EUR,0.001,2025-08-22,0.001,17237.0,17.24,TERBS,SMART,0.001,CLOSE_TICKER,,,,,0.001,2025-08-28T21:22:07.385618,OK,ISIN:FR0014000TB2->TERBS@SMART,"POST_MARKET (fermeture à 17h30, il est 21:15)"
TF1,FR0000054900,TFI,Euronext Paris,EUR,8.585,2025-08-22,8.585,100820.0,862685.645,TFI,SMART,8.33,CLOSE_TICKER,,,,,8.33,2025-08-28T21:22:08.754407,OK,ISIN:FR0000054900->TFI@SMART,"POST_MARKET (fermeture à 17h30, il est 21:15)"
TFF GROUP,FR0013295789,TFF,Euronext Paris,EUR,17.25,2025-08-22,17.25,9131.0,156644.95,TFF,SMART,16.7,CLOSE_TICKER,,,,,16.7,2025-08-28T21:22:10.077686,OK,ISIN:FR0013295789->TFF@SMART,"POST_MARKET (fermeture à 17h30, il est 21:15)"
THALES,FR0000121329,HO,Euronext Paris,EUR,232.3,2025-08-22,232.3,256403.0,59489941.2,HO,SMART,227.2,CLOSE_TICKER,,,,,227.2,2025-08-28T21:22:11.466267,OK,ISIN:FR0000121329->HO@SMART,"POST_MARKET (fermeture à 17h30, il est 21:15)"
THERMADOR GROUPE,FR0013333432,THEP,Euronext Paris,EUR,79.0,2025-08-22,79,806.0,63635.2,THEP,SMART,76.9,CLOSE_TICKER,,,,,76.9,2025-08-28T21:22:12.789410,OK,ISIN:FR0013333432->THEP@SMART,"POST_MARKET (fermeture à 17h30, il est 21:15)"
TIKEHAU CAPITAL,FR0013230612,TKO,Euronext Paris,EUR,20.15,2025-08-22,20.15,40009.0,804270.05,TKO,SMART,19.56,CLOSE_TICKER,,,,,19.56,2025-08-28T21:22:14.096634,OK,ISIN:FR0013230612->TKO@SMART,"POST_MARKET (fermeture à 17h30, il est 21:15)"
TITAN S.A.,BE0974338700,TITC,"Euronext Brussels, Paris",EUR,38.0,2025-08-22,38,9642.0,365817.1,TITC,SMART,37.5,CLOSE_TICKER,,,,,37.5,2025-08-28T21:22:15.278439,OK,ISIN:BE0974338700->TITC@SMART,"POST_MARKET (fermeture à 17h30, il est 21:15)"
TOTALENERGIES,FR0000120271,TTE,"Euronext Paris, Brussels",EUR,54.63,2025-08-22,54.63,2617485.0,143100250.925,TTE,SMART,53.21,CLOSE_TICKER,,,,,53.21,2025-08-28T21:22:16.662838,OK,ISIN:FR0000120271->TTE@SMART,"POST_MARKET (fermeture à 17h30, il est 21:15)"
TotalEnergiesGabon,GA0000121459,EC,Euronext Paris,EUR,184.0,2025-08-22,184,627.0,115895.5,EC,SMART,184.0,CLOSE_TICKER,,,,,184.0,2025-08-28T21:22:18.067092,OK,ISIN:GA0000121459->EC@SMART,"POST_MARKET (fermeture à 17h30, il est 21:15)"
TOUR EIFFEL,FR0000036816,EIFF,Euronext Paris,EUR,4.89,2025-08-22,4.89,727.0,3558.44,EIFF,SMART,4.89,CLOSE_TICKER,,,,,4.89,2025-08-28T21:22:19.344075,OK,ISIN:FR0000036816->EIFF@SMART,"POST_MARKET (fermeture à 17h30, il est 21:15)"
TRANSGENE,FR0005175080,TNG,Euronext Paris,EUR,1.045,2025-08-22,1.045,37592.0,39412.285,TNG,SMART,0.972,CLOSE_TICKER,,,,,0.972,2025-08-28T21:22:20.721120,OK,ISIN:FR0005175080->TNG@SMART,"POST_MARKET (fermeture à 17h30, il est 21:15)"
TRIGANO,FR0005691656,TRI,Euronext Paris,EUR,161.3,2025-08-22,161.3,15987.0,2571003.1,TRI,SMART,151.5,CLOSE_TICKER,,,,,151.5,2025-08-28T21:22:22.030716,OK,ISIN:FR0005691656->TRI@SMART,"POST_MARKET (fermeture à 17h30, il est 21:15)"
UBISOFT ENTERTAIN,FR0000054470,UBI,Euronext Paris,EUR,9.452,2025-08-22,9.452,441898.0,4179011.397,UBI,SMART,9.088,CLOSE_TICKER,,,,,9.088,2025-08-28T21:22:23.403710,OK,ISIN:FR0000054470->UBI@SMART,"POST_MARKET (fermeture à 17h30, il est 21:15)"
UNIBAIL-RODAMCO-WE,FR0013326246,URW,Euronext Paris,EUR,91.7,2025-08-22,91.7,391085.0,35801774.24,URW,SMART,88.3,CLOSE_TICKER,,,,,88.3,2025-08-28T21:22:24.728403,OK,ISIN:FR0013326246->URW@SMART,"POST_MARKET (fermeture à 17h30, il est 21:15)"
UNION TECH.INFOR.,FR0000074197,FPG,Euronext Paris,EUR,0.093,2025-08-22,0.093,24665.0,2364.4802,FPG,SMART,0.11,CLOSE_TICKER,,,,,0.11,2025-08-28T21:22:26.006517,OK,ISIN:FR0000074197->FPG@SMART,"POST_MARKET (fermeture à 17h30, il est 21:15)"
VALEO,FR0013176526,FR,Euronext Paris,EUR,10.855,2025-08-22,10.855,906414.0,9806838.5325,FR,SMART,10.425,CLOSE_TICKER,,,,,10.425,2025-08-28T21:22:27.349702,OK,ISIN:FR0013176526->FR@SMART,"POST_MARKET (fermeture à 17h30, il est 21:15)"
VALLOUREC,FR0013506730,VK,Euronext Paris,EUR,15.885,2025-08-22,15.885,362090.0,5743901.395,VK,SMART,15.375,CLOSE_TICKER,,,,,15.375,2025-08-28T21:22:28.771933,OK,ISIN:FR0013506730->VK@SMART,"POST_MARKET (fermeture à 17h30, il est 21:15)"
VALLOUREC BSA 21,FR00140030K7,VKBS,Euronext Paris,EUR,1.68,2025-08-22,-,,,,,,,,,,,,,CONTRACT_NOT_FOUND,NOT_FOUND,"POST_MARKET (fermeture à 17h30, il est 21:15)"
VALNEVA,FR0004056851,VLA,Euronext Paris,EUR,5.045,2025-08-22,5.045,1849104.0,9445448.885,VLA,SMART,3.774,CLOSE_TICKER,,,,,3.774,2025-08-28T21:22:30.845965,OK,ISIN:FR0004056851->VLA@SMART,"POST_MARKET (fermeture à 17h30, il est 21:15)"
VANTIVA,FR0013505062,VANTI,Euronext Paris,EUR,0.1364,2025-08-22,0.1364,222011.0,29950.1336,VANTI,SMART,0.134,CLOSE_TICKER,,,,,0.134,2025-08-28T21:22:32.186375,OK,ISIN:FR0013505062->VANTI@SMART,"POST_MARKET (fermeture à 17h30, il est 21:15)"
VEOLIA ENVIRON.,FR0000124141,VIE,Euronext Paris,EUR,30.37,2025-08-22,30.37,878942.0,26691347.33,VIE,SMART,28.34,CLOSE_TICKER,,,,,28.34,2025-08-28T21:22:33.507241,OK,ISIN:FR0000124141->VIE@SMART,"POST_MARKET (fermeture à 17h30, il est 21:15)"
VERALLIA,FR0013447729,VRLA,Euronext Paris,EUR,26.82,2025-08-22,26.82,71601.0,1917450.12,VRLA,SMART,25.5,CLOSE_TICKER,,,,,25.5,2025-08-28T21:22:34.831503,OK,ISIN:FR0013447729->VRLA@SMART,"POST_MARKET (fermeture à 17h30, il est 21:15)"
VERIMATRIX,FR0010291245,VMX,Euronext Paris,EUR,0.209,2025-08-22,0.209,23154.0,4756.82,VMX,SMART,0.202,CLOSE_TICKER,,,,,0.202,2025-08-28T21:22:36.157165,OK,ISIN:FR0010291245->VMX@SMART,"POST_MARKET (fermeture à 17h30, il est 21:15)"
VETOQUINOL,FR0004186856,VETO,Euronext Paris,EUR,75.2,2025-08-22,75.2,1291.0,96940.4,VETO,SMART,75.4,CLOSE_TICKER,,,,,75.4,2025-08-28T21:22:37.483832,OK,ISIN:FR0004186856->VETO@SMART,"POST_MARKET (fermeture à 17h30, il est 21:15)"
VICAT,FR0000031775,VCT,Euronext Paris,EUR,60.9,2025-08-22,60.9,18793.0,1142218.2,VCT,SMART,60.2,CLOSE_TICKER,,,,,60.2,2025-08-28T21:22:38.859384,OK,ISIN:FR0000031775->VCT@SMART,"POST_MARKET (fermeture à 17h30, il est 21:15)"
VIEL ET COMPAGNIE,FR0000050049,VIL,Euronext Paris,EUR,17.25,2025-08-22,17.25,13376.0,231895.15,VIL,SMART,16.55,CLOSE_TICKER,,,,,16.55,2025-08-28T21:22:40.041007,OK,ISIN:FR0000050049->VIL@SMART,"POST_MARKET (fermeture à 17h30, il est 21:15)"
VINCI,FR0000125486,DG,Euronext Paris,EUR,129.0,2025-08-22,129,457568.0,58995196.7,DG,SMART,115.7,CLOSE_TICKER,,,,,115.7,2025-08-28T21:22:41.414475,OK,ISIN:FR0000125486->DG@SMART,"POST_MARKET (fermeture à 17h30, il est 21:15)"
VIRBAC,FR0000031577,VIRP,Euronext Paris,EUR,341.0,2025-08-22,341,2108.0,717900.0,VIRP,SMART,338.5,CLOSE_TICKER,,,,,338.5,2025-08-28T21:22:42.695932,OK,ISIN:FR0000031577->VIRP@SMART,"POST_MARKET (fermeture à 17h30, il est 21:15)"
VIRIDIEN,FR001400PVN6,VIRI,Euronext Paris,EUR,54.85,2025-08-22,54.85,46840.0,2555512.05,VIRI,SMART,54.65,CLOSE_TICKER,,,,,54.65,2025-08-28T21:22:44.131786,OK,ISIN:FR001400PVN6->VIRI@SMART,"POST_MARKET (fermeture à 17h30, il est 21:15)"
VITURA,FR0010309096,VTR,Euronext Paris,EUR,5.9,2025-08-22,5.9,1.0,5.9,VTR,SMART,5.9,CLOSE_TICKER,,,,,5.9,2025-08-28T21:22:45.471765,OK,ISIN:FR0010309096->VTR@SMART,"POST_MARKET (fermeture à 17h30, il est 21:15)"
VIVENDI SE,FR0000127771,VIV,Euronext Paris,EUR,3.144,2025-08-22,3.144,725995.0,2279392.276,VIV,SMART,3.138,CLOSE_TICKER,,,,,3.138,2025-08-28T21:22:46.782271,OK,ISIN:FR0000127771->VIV@SMART,"POST_MARKET (fermeture à 17h30, il est 21:15)"
VOLTALIA,FR0011995588,VLTSA,Euronext Paris,EUR,7.44,2025-08-22,7.44,42052.0,311102.2975,VLTSA,SMART,6.83,CLOSE_TICKER,,,,,6.83,2025-08-28T21:22:48.101988,OK,ISIN:FR0011995588->VLTSA@SMART,"POST_MARKET (fermeture à 17h30, il est 21:15)"
VRANKEN-POMMERY,FR0000062796,VRAP,"Euronext Paris, Brussels",EUR,12.95,2025-08-22,12.95,4562.0,59028.25,VRAP,SMART,13.15,CLOSE_TICKER,,,,,13.15,2025-08-28T21:22:49.297217,OK,ISIN:FR0000062796->VRAP@SMART,"POST_MARKET (fermeture à 17h30, il est 21:15)"
VusionGroup,FR0010282822,VU,Euronext Paris,EUR,212.6,2025-08-22,212.6,23033.0,4884255.2,VU,SMART,215.8,CLOSE_TICKER,,,,,215.8,2025-08-28T21:22:50.720387,OK,ISIN:FR0010282822->VU@SMART,"POST_MARKET (fermeture à 17h30, il est 21:15)"
WAGA ENERGY,FR0012532810,WAGA,Euronext Paris,EUR,21.5,2025-08-22,21.5,9208.0,198207.85,WAGA,SMART,21.45,CLOSE_TICKER,,,,,21.45,2025-08-28T21:22:52.048473,OK,ISIN:FR0012532810->WAGA@SMART,"POST_MARKET (fermeture à 17h30, il est 21:15)"
WAVESTONE,FR0013357621,WAVE,Euronext Paris,EUR,54.7,2025-08-22,54.7,5384.0,292521.3,WAVE,SMART,49.55,CLOSE_TICKER,,,,,49.55,2025-08-28T21:22:53.228637,OK,ISIN:FR0013357621->WAVE@SMART,"POST_MARKET (fermeture à 17h30, il est 21:15)"
WENDEL,FR0000121204,MF,Euronext Paris,EUR,85.9,2025-08-22,85.9,33776.0,2891886.225,MF,SMART,83.1,CLOSE_TICKER,,,,,83.1,2025-08-28T21:22:54.573103,OK,ISIN:FR0000121204->MF@SMART,"POST_MARKET (fermeture à 17h30, il est 21:15)"
WORLDLINE,FR0011981968,WLN,Euronext Paris,EUR,3.104,2025-08-22,3.104,4640066.0,14555353.191,WLN,SMART,2.869,CLOSE_TICKER,,,,,2.869,2025-08-28T21:22:55.834674,OK,ISIN:FR0011981968->WLN@SMART,"POST_MARKET (fermeture à 17h30, il est 21:15)"
X-FAB,BE0974310428,XFAB,Euronext Paris,EUR,7.3,2025-08-22,7.3,133615.0,967815.615,XFAB,SMART,7.03,CLOSE_TICKER,,,,,7.03,2025-08-28T21:22:57.168781,OK,ISIN:BE0974310428->XFAB@SMART,"POST_MARKET (fermeture à 17h30, il est 21:15)"
XILAM ANIMATION,FR0004034072,XIL,Euronext Paris,EUR,3.66,2025-08-22,3.66,2998.0,10771.38,XIL,SMART,3.68,CLOSE_TICKER,,,,,3.68,2025-08-28T21:22:58.435077,OK,ISIN:FR0004034072->XIL@SMART,"POST_MARKET (fermeture à 17h30, il est 21:15)"
YOUNITED FIN. WARR,LU2999660207,YOUNW,"Euronext Amsterdam, Paris",EUR,0.8565,2025-08-22,-,,,,,,,,,,,,,CONTRACT_NOT_FOUND,NOT_FOUND,"POST_MARKET (fermeture à 17h30, il est 21:15)"
YOUNITED FINANCIAL,LU2999653251,YOUNI,"Euronext Amsterdam, Paris",EUR,8.35,2025-08-22,8.35,1.0,8.35,HT5,,,NO_DATA,,,,,,,NO_PRICE_DATA,NAME:YOUNITED FINANCIAL->HT5@,"POST_MARKET (fermeture à 17h30, il est 21:15)"
ZCI LIMITED,BMG9887P1068,CV,Euronext Paris,EUR,0.2,2025-08-22,0.2,21826.0,3755.94,CV,SMART,0.33,CLOSE_TICKER,,,,,0.33,2025-08-28T21:23:02.482667,OK,ISIN:BMG9887P1068->CV@SMART,"POST_MARKET (fermeture à 17h30, il est 21:15)"
